Workbook

Sheet Tarifas 2026
C2: TARIFAS 2026 PRISA MEDIA
C4: AS COLOMBIA | D4: EP AMÉRICA | E4: CARACOL | F4: LA W | G4: TROPICANA | H4: BÉSAME | I4: RADIOACKTIVA | J4: LOS 40
C5: Valor CPM | D5: Valor CPM | E5: Valor CPM | F5: Valor CPM | G5: Valor CPM | H5: Valor CPM | I5: Valor CPM | J5: Valor CPM | K5: IPC | L5: Salario Mínimo | M5: Los 40
B6: FORMATOS | C6: TARIFAS BRUTAS - VER POLÍTICA COMERCIAL PARA APLICAR DESCUENTOS
A7: DISPLAY | B7: Tradicionales | C7: 31000 | D7: 31000 | E7: 31000 | F7: 27000 | G7: =25000+(25000*K7) -> 28500 | H7: =25000+(25000*K7) -> 28500 | I7: =25000+(25000*K7) -> 28500 | J7: =25000+(25000*K7) -> 28500 | K7: 0.14 | L7: 0.14 | M7: 0.14
B8: Video Pre roll | C8: 54000 | D8: 54000 | E8: 74000 | F8: 65000 | G8: 68500 | H8: 68500 | I8: 68500 | J8: 68500 | K8: DISPLAY
B9: Audio Pre Roll (Max 30") | C9: 49000 | D9: N/A | E9: 61500 | F9: 54000 | G9: =50000+(50000*K7) -> 57000 | H9: =50000+(50000*K7) -> 57000 | I9: =50000+(50000*K7) -> 57000 | J9: =50000+(50000*K7) -> 57000 | K9: AS | L9: EP | M9: CRC | N9: TROPICANA | O9: BÉSAME | P9: RADIOACKTIVA | Q9: LOS 40
B10: Audiencias Extendidas (Geolocalización) Targeting Display | C10: N/A | D10: N/A | E10: 22000 | G10: 22000 | H10: 22000 | I10: 22000 | J10: 22000 | K10: =100000*C7/1000 -> 3100000 | L10: =100000*D7/1000 -> 3100000 | M10: =100000*E7/1000 -> 3100000 | N10: =100000*G7/1000 -> 2850000 | O10: =100000*H7/1000 -> 2850000 | P10: =100000*I7/1000 -> 2850000 | Q10: =100000*J7/1000 -> 2850000
B11: Audiencias Extendidas (Geolocalización) Targeting Rich Media | C11: N/A | D11: N/A | E11: 31500 | G11: 31500 | H11: 31500 | I11: 31500 | J11: 31500
B12: Patrocinio Podcast (Spreaker) - Se compra por CPM Colombia | C12: N/A | D12: N/A | E12: 20100 | F12: 17600 | G12: 20100 | H12: 20100 | I12: 20100 | J12: 20100
C13: Desktop & Mobile - Formatos por impresiones - Formatos Geo y Spreaker no aplica descuento. | K13: VIDEO
K14: AS | L14: EP | M14: CRC | N14: TROPICANA | O14: BÉSAME | P14: RADIOACKTIVA | Q14: LOS 40
C15: TARIFAS BRUTAS - VER POLÍTICA COMERCIAL PARA APLICAR DESCUENTOS | K15: =100000*C8/1000 -> 5400000 | L15: =100000*D8/1000 -> 5400000 | M15: =100000*E8/1000 -> 7400000 | N15: =100000*G8/1000 -> 6850000 | O15: =100000*G8/1000 -> 6850000 | P15: =100000*H8/1000 -> 6850000 | Q15: =100000*I8/1000 -> 6850000
A16: PRES FIJA | B16: Brand Day (24 horas) | C16: 16000000 | D16: 10300000 | E16: 20500000 | F16: 18000000 | G16: 7400000 | H16: =5000000+(5000000*K7) -> 5700000 | I16: 8000000 | J16: =5000000+(5000000*K7) -> 5700000
B17: Brand Day Interactivo (24 horas) | C17: 18300000 | D17: 13700000 | E17: 25000000 | F17: 22000000 | G17: 9100000 | H17: 8000000 | I17: 9200000 | J17: 8000000
B18: Patrocinio Sección Interna (24 horas) | C18: 1700000 | D18: 2900000 | E18: 4000000 | F18: 4800000 | G18: 2900000 | H18: 2900000 | I18: 2900000 | J18: 2300000
B19: Botón Fijo (24 horas) | C19: 2300000 | D19: 1700000 | E19: 7000000 | F19: 6500000 | G19: 1700000 | H19: 3400000 | I19: 2900000 | J19: 2300000
C20: Desktop & Mobile - Formatos por 24 horas sujetos a disponibilidad
C22: TARIFAS NETAS (NO APLICA DESCUENTO)
A23: FORMATOS DE VIDEO A LA MEDIDA | B23: Video Corto 3 talentos + Reel en IG y Tiktok - Incluye Producción - Video Corto* | C23: N/A | D23: N/A | E23: N/A | F23: 14000000 | G23: ='Video Corto'!K83 -> 15600000 | H23: ='Video Corto'!K119 -> 9850000 | I23: ='Video Corto'!K49 -> 15000000 | J23: ='Video Corto'!K6 -> 31500000 | K23: =6500000+(6500000*L23) -> 7410000 | L23: 0.14
B24: Video Corto 2 talentos + Reel en IG y Tiktok - Incluye Producción - Video Corto* | C24: N/A | D24: N/A | E24: N/A | F24: 14000000 | G24: ='Video Corto'!K76 -> 13600000 | H24: ='Video Corto'!K112 -> 9300000 | I24: ='Video Corto'!K42 -> 13200000 | J24: ='Video Corto'!K13 -> 27000000 | K24: =6500000+(6500000*L24) -> 7410000 | L24: 0.14
B25: Video Corto 1 talento comercial + Reel en IG y Tiktok - Incluye Producción - Video Corto* | C25: 13600000 | D25: N/A | E25: ='Video Corto'!K141 -> 16000000 | G25: ='Video Corto'!K69 -> 11700000 | H25: ='Video Corto'!K105 -> 8200000 | I25: ='Video Corto'!K35 -> 11300000 | J25: ='Video Corto'!K20 -> 22500000 | K25: =6500000+(6500000*L25) -> 7410000 | L25: 0.14
B26: Video Corto *Local* con 1 talento comercial local + Reel en IG y Tiktok *Local* - Incluye Producción - Video Corto* (No aplica para ciudades Principales) | C26: N/A | D26: N/A | E26: N/A | G26: 2500000 | H26: 2500000 | I26: 2500000 | J26: N/A
B27: Video Historias *Local* con 1 talento comercial local + Historia en IG *Local* - Incluye Producción - Video Corto* (No aplica para ciudades Principales) | C27: N/A | D27: N/A | E27: N/A | G27: 1000000 | H27: 1000000 | I27: 1000000 | J27: N/A
B28: Video Sección + Reel en IG y Tiktok + Sección en Radio - Incluye Producción - Programa* | C28: N/A | D28: N/A | E28: N/A | G28: ='Video Programa (Secciones)'!K93 -> 9500000 | H28: ='Video Programa (Secciones)'!K146 -> 6700000 | I28: ='Video Programa (Secciones)'!K42 -> 9400000 | J28: ='Video Programa (Secciones)'!K7 -> 17400000 | K28: =5000000+(5000000*L28) -> 5700000 | L28: 0.14
B29: Video Sección + Reel en IG y Tiktok + Sección en Radio - Incluye Producción con Product Placement - Programa* | C29: N/A | D29: N/A | E29: N/A | G29: ='Video Programa (Secciones)'!K102 -> 12000000 | H29: ='Video Programa (Secciones)'!K155 -> 8700000 | I29: ='Video Programa (Secciones)'!K51 -> 11700000 | J29: ='Video Programa (Secciones)'!K16 -> 20000000
B30: Video Sección + Reel en IG y Tiktok + Sección en Radio - Incluye Producción con Product Placement con interacción - Programa* | C30: N/A | D30: N/A | E30: N/A | G30: ='Video Programa (Secciones)'!K111 -> 14300000 | H30: ='Video Programa (Secciones)'!K164 -> 10700000 | I30: ='Video Programa (Secciones)'!K60 -> 14400000 | J30: ='Video Programa (Secciones)'!K25 -> 22300000
B31: Video Sección Local + Reel en IG y Tiktok Local + Sección en Radio local - Incluye Producción - Programa* | C31: N/A | D31: N/A | E31: N/A | G31: 1000000 | H31: 1000000 | I31: 1000000 | J31: N/A
B32: Video Sección Local + Reel en IG y Tiktok Local + Sección en Radio local - Incluye Producción con Product Placement con interacción - Programa* | C32: N/A | D32: N/A | E32: N/A | G32: 1300000 | H32: 1300000 | I32: 1300000 | J32: N/A
B33: Sección Prime (Video) En vivo (Mención + Banner y Full Screen) Youtube y Tiktok - Programa* | C33: N/A | D33: N/A | E33: N/A | G33: ='Seccion Prime - BM - Spot'!E7 -> 1380000 | H33: ='Seccion Prime - BM - Spot'!F7 -> 1220000 | I33: ='Seccion Prime - BM - Spot'!G7 -> 1440000 | J33: ='Seccion Prime - BM - Spot'!H7 -> 2980000
B34: Video Sección Noticiero 6am W + Reel en IG y Tiktok + Sección en Radio (momento) - Incluye Producción con Product Placement - Programa* | C34: N/A | D34: N/A | E34: ='Video Programa (Secciones)'!K200 -> 35000000 | G34: N/A | H34: N/A | I34: N/A | J34: N/A
B35: Video Sección El Pulso, Dos Puntos, Hora 20, La Polémica, AS Mundial + Reel en IG y Tiktok + Sección en Radio (momento) - Incluye Producción con Product Placement - Programa* | C35: N/A | D35: N/A | E35: ='Video Programa (Secciones)'!K210 -> 20000000 | G35: N/A | H35: N/A | I35: N/A | J35: N/A
B36: Video Sección Luciérnaga + Reel en IG y Tiktok + Sección en Radio (momento) - Incluye Producción con Product Placement - Programa* | C36: N/A | D36: N/A | E36: ='Video Programa (Secciones)'!K220 -> 28000000 | G36: N/A | H36: N/A | I36: N/A | J36: N/A
B37: Video Sección Fin de Semana / El VBar + Reel en IG y Tiktok + Sección en Radio (momento) - Incluye Producción con Product Placement - Programa* | C37: N/A | D37: N/A | E37: ='Video Programa (Secciones)'!K230 -> 16000000 | G37: N/A | H37: N/A | I37: N/A | J37: N/A
B38: Video Sección Morning Gol / AS Noticias / Milonga / El Vbar / Latido / As Noticias FDS + Reel en IG y Tiktok + Sección en Radio - Incluye Producción con Product Placement - Programa* | C38: ='Video Programa (Secciones)'!K244 -> 14200000 | D38: N/A | E38: N/A | G38: N/A | H38: N/A | I38: N/A | J38: N/A
B39: Video Sección Rock & gol del AS / Banqueados / Rock & Gol del AS Transmisión FDS + Reel en IG y Tiktok + Sección en Radio - Incluye Producción con Product Placement - Programa* | C39: ='Video Programa (Secciones)'!K253 -> 14400000 | D39: N/A | E39: N/A | G39: N/A | H39: N/A | I39: N/A | J39: N/A
B40: Video Sección La Jugaba Bacana + Reel en IG y Tiktok + Sección en Radio - Incluye Producción con Product Placement - Programa* | C40: ='Video Programa (Secciones)'!K262 -> 14300000 | D40: N/A | E40: N/A | G40: N/A | H40: N/A | I40: N/A | J40: N/A
B41: Video Sección MontoyAS / La Fuga + Reel en IG y Tiktok + Sección en Radio - Incluye Producción con Product Placement - Programa* | C41: ='Video Programa (Secciones)'!K272 -> 14500000 | D41: N/A | E41: N/A | G41: N/A | H41: N/A | I41: N/A | J41: N/A
B42: Video Cubrimiento (Max 10 minutos) + Reel en IG y Tiktok / Video Largo* | C42: N/A | D42: N/A | E42: 15200000 | F42: =10000000+6500000 -> 16500000 | G42: N/A | H42: N/A | I42: N/A | J42: N/A | K42: =7000000+(7000000*L42) -> 7980000 | L42: 0.14
B43: Video Cubrimiento Local (Max 10 minutos) + Reel en IG y Tiktok local / Video Largo* | C43: N/A | D43: N/A | E43: 3500000 | G43: 3000000 | H43: 3000000 | I43: N/A | J43: N/A
B44: Registro Fotográfico Nacional + FB - IG - Se publica en Carrusel | C44: N/A | D44: N/A | E44: 6000000 | G44: N/A | H44: N/A | I44: N/A | J44: N/A
B45: Registro Fotográfico Local en FB - IG - Se publica en Carrusel | C45: N/A | D45: N/A | E45: 3000000 | G45: 2000000 | H45: 2000000 | I45: N/A | J45: N/A
B46: Video Remoto Bogotá (Radio-Digital) - Video Corto* | C46: N/A | D46: N/A | E46: N/A | G46: ='Video Remoto (Corto)'!K37 -> 26600000 | H46: ='Video Remoto (Corto)'!K62 -> 17250000 | I46: ='Video Remoto (Corto)'!K24 -> 22150000 | J46: ='Video Remoto (Corto)'!K5 -> 16440000
B47: Video Remoto Medellín (Radio-Digital) - Video Corto* | C47: N/A | D47: N/A | E47: N/A | G47: ='Video Remoto (Corto)'!K43 -> 12250000 | H47: ='Video Remoto (Corto)'!K68 -> 17250000 | I47: ='Video Remoto (Corto)'!K30 -> 9750000 | J47: ='Video Remoto (Corto)'!K11 -> 8220000
B48: Video Remoto Cali (Radio-Digital) - Video Corto* | C48: N/A | D48: N/A | E48: N/A | G48: ='Video Remoto (Corto)'!K49 -> 12250000 | H48: ='Video Remoto (Corto)'!K74 -> 9350000 | I48: N/A | J48: ='Video Remoto (Corto)'!K17 -> 7400000
B49: Video Remoto Barranquilla (Radio-Digital) - Video Corto* | C49: N/A | D49: N/A | E49: N/A | G49: ='Video Remoto (Corto)'!K55 -> 5850000 | H49: ='Video Remoto (Corto)'!K80 -> 5550000 | I49: N/A | J49: N/A
B50: Video Remoto Bogotá (Radio - Digital) - Morning Gol / As Noticias / Milonga / El Vbar / AS Noticias FDS - Video Corto* | C50: ='Video Remoto (Corto)'!K92 -> 14000000 | D50: N/A | E50: N/A | G50: N/A | H50: N/A | I50: N/A | J50: N/A
B51: Video Remoto Bogotá (Radio - Digital) - Rock & Gol del AS / Banqueados / Rock & Gol del AS Transmisión FDS - Video Corto* | C51: ='Video Remoto (Corto)'!K99 -> 22150000 | D51: N/A | E51: N/A | G51: N/A | H51: N/A | I51: N/A | J51: N/A
B52: Video Remoto Bogotá (Radio - Digital) - La Jugada Bacana - Video Corto* | C52: ='Video Remoto (Corto)'!K106 -> 26600000 | D52: N/A | E52: N/A | G52: N/A | H52: N/A | I52: N/A | J52: N/A
B53: Contenido Exclusivo - Video Largo* Aplica para marcas musicales | C53: N/A | D53: N/A | E53: N/A | G53: 17700000 | H53: 13000000 | I53: 30200000 | J53: 34500000
B54: Microprograma con Vocero - Video Largo* Aplica para marcas musicales | C54: N/A | D54: N/A | E54: N/A | G54: 33700000 | H54: 22200000 | I54: N/A | J54: N/A
B55: Microprograma Sin Vocero - Video Largo* Aplica para marcas musicales | C55: N/A | D55: N/A | E55: N/A | G55: 23700000 | H55: 14700000 | I55: N/A | J55: N/A
B56: Spot - Aplica para marcas musicales - Video Largo* | C56: N/A | D56: N/A | E56: N/A | G56: ='Seccion Prime - BM - Spot'!E32 -> 1656000 | H56: ='Seccion Prime - BM - Spot'!F32 -> 1464000 | I56: ='Seccion Prime - BM - Spot'!G32 -> 1728000 | J56: ='Seccion Prime - BM - Spot'!H32 -> 3576000
B57: Spot Moments - Aplica para marcas musicales - Video Largo* | C57: N/A | D57: N/A | E57: N/A | G57: ='Seccion Prime - BM - Spot'!E39 -> 4056000 | H57: ='Seccion Prime - BM - Spot'!F39 -> 3864000 | I57: ='Seccion Prime - BM - Spot'!G39 -> 4128000 | J57: ='Seccion Prime - BM - Spot'!H39 -> 7976000
B58: Branded Moments (Animados breaks o brandeo cabina o Product Placement) Formatos por separado (3 salidas al día, mínimo 11 días al mes) - Programa* | C58: ='Seccion Prime - BM - Spot'!I18 -> 21120000 | D58: N/A | E58: ='Seccion Prime - BM - Spot'!I18 -> 21120000 | G58: ='Seccion Prime - BM - Spot'!I18 -> 21120000 | H58: ='Seccion Prime - BM - Spot'!I18 -> 21120000 | I58: ='Seccion Prime - BM - Spot'!I18 -> 21120000 | J58: ='Seccion Prime - BM - Spot'!I16 -> 38720000
B59: Product Placement (en video) | C59: =4000000 -> 4000000 | D59: N/A | E59: 4000000 | F59: 2400000 | G59: 2400000 | H59: 2400000 | I59: 2400000 | J59: 2400000
B60: Product Placement con interacción (en video) | C60: =3300000+K10 -> 6400000 | D60: N/A | E60: 5000000 | F60: 4400000 | G60: 4400000 | H60: 4400000 | I60: 4400000 | J60: 4400000 | K60: 3000000 | L60: 0.1 | M60: =K60*L60 -> 300000
C61: Formatos a la medida del anunciante - Todos los videos deben ser coordinados y aprobados por Producto comercial digital - Los 40 NO aplica descuento
C62: Los formatos de Video *Locales* aplican para ciudades tipo B y C
C64: TARIFAS BRUTAS - VER POLÍTICA COMERCIAL PARA APLICAR DESCUENTOS
A65: FORMATOS DE VIDEO DE PRISA MEDIA (FRANQUCIAS) | B65: Caracol - Probando Probando - Incluye producción + amplificación con Reel en Tiktok e Instagram + 9 Promos Estándar en Radio (3 en Dos puntos, 3 en Luciérnada y 3 en A Vivir FDS) *Video Corto* Tarifa Bogotá | C65: N/A | D65: N/A | E65: 25000000 | G65: N/A | H65: N/A | I65: N/A | J65: N/A | K65: FLAYER SEMANAL CON DATA
B66: Caracol - Entendencia - Incluye producción + amplificación con Reel en Tiktok e Instagram + 9 Promos Estándar en Radio (3 en Dos puntos, 3 en Luciérnada y 3 en A Vivir FDS) *Video Corto* Tarifa Bogotá | C66: N/A | D66: N/A | E66: 25000000 | G66: N/A | H66: N/A | I66: N/A | J66: N/A
B67: Caracol - Tecnología - Incluye producción + amplificación con Reel en Tiktok e Instagram + 9 Promos Estándar en Radio (3 en Dos puntos, 3 en Luciérnada y 3 en A Vivir FDS) *Video Corto* Tarifa Bogotá | C67: N/A | D67: N/A | E67: 25000000 | G67: N/A | H67: N/A | I67: N/A | J67: N/A
B68: Caracol - Check in - Incluye producción + amplificación con Reel en Tiktok e Instagram + 9 Promos Estándar en Radio (3 en Dos puntos, 3 en Luciérnada y 3 en A Vivir FDS) *Video Corto* Tarifa Bogotá | C68: N/A | D68: N/A | E68: 25000000 | G68: N/A | H68: N/A | I68: N/A | J68: N/A
B69: Caracol - Plaza Alvira / Bogotá - Incluye producción amplificación con Reel en Tiktok e Instagram + 12 Promos Estándar en Radio (3 en Dos puntos, 3 en Luciérnada, 3 en A Vivir FDS y 3 en Noticiero Media día) (este formato debe ir siempre con Radio) *Video Corto* | C69: N/A | D69: N/A | E69: 45000000 | G69: N/A | H69: N/A | I69: N/A | J69: N/A
B70: La Michelada - Incluye producción + amplificación con Reel en Tiktok e Instagram + 9 Promos Estándar en Radio (3 en Dos puntos, 3 en Luciérnada y 3 en A Vivir FDS) *Video Podcast* | C70: N/A | D70: N/A | E70: 18000000 | G70: N/A | H70: N/A | I70: N/A | J70: N/A
B71: Caracol - En Territorio / Yo se quién sabe lo que ud no sabe... con vino /La hemeroteca / El Reportero Caracol / Preguntas cultura General / Incluye producción + amplificación con Reel en Tiktok e Instagram + 9 Promos Estándar en Radio (3 en Dos puntos, 3 en Luciérnada y 3 en A Vivir FDS) Video Largo* Tarifa Bogotá | C71: N/A | D71: N/A | E71: ='Video Franquicia'!K54 -> 12000000 | G71: N/A | H71: N/A | I71: N/A | J71: N/A
B72: Caracol - Parodias la Luciérnaga / El Sermón de Fraile / El Radar de Villar / Se lo Explico con Datos / Doble Clic Incluye producción + amplificación con Reel en Tiktok e Instagram + 9 Promos Estándar en Radio (3 en Dos puntos, 3 en Luciérnada y 3 en A Vivir FDS) Video Corto* Tarifa Bogotá | C72: N/A | D72: N/A | E72: ='Video Franquicia'!K64 -> 11000000 | G72: N/A | H72: N/A | I72: N/A | J72: N/A
B73: Los 40: Team Hater / Maldito Milenial / Suplentes del Gol / + de 40 - Incluye producción + amplificación con Reel en Tiktok e Instagram +15 promos en radio de 20" en programación musical nacional *Programa* | C73: N/A | D73: N/A | E73: N/A | G73: N/A | H73: N/A | I73: N/A | J73: 15000000
B74: Más de 40 - Incluye producción + amplificación con Reel en Tiktok e Instagram + Mención + 15 promos en radio de 20" en programación musical nacional *Programa* | C74: N/A | D74: N/A | E74: N/A | G74: N/A | H74: N/A | I74: N/A | J74: ='Video Franquicia'!K94 -> 20000000
B75: Bésame - Historia de Cachos - Incluye producción + amplificación con Reel en Tiktok e Instagram +15 promos en radio de 20" en programación musical nacional *Video Largo* | C75: N/A | D75: N/A | E75: N/A | G75: N/A | H75: 8500000 | I75: N/A | J75: N/A
B76: Bésame - Mechismes - Incluye producción + amplificación con Reel en Tiktok e Instagram +15 promos en radio de 20" en programación musical nacional *Video Largo* | C76: N/A | D76: N/A | E76: N/A | G76: N/A | H76: 11000000 | I76: N/A | J76: N/A
B77: Bésame - Cartas a mi ex / Conversemos con Sandro / Puebliando / Mujeres que Transforman / Incluye producción + amplificación con Reel en Tiktok e Instagram +15 promos en radio de 20" en programación musical nacional Video Largo* | C77: N/A | D77: N/A | E77: N/A | G77: N/A | H77: ='Video Franquicia'!K136 -> 11563500 | I77: N/A | J77: N/A
B78: Tropicana - La Extraordinarias - Incluye producción + amplificación con Reel en Tiktok, Instagram e historia en Facebook +15 promos en radio de 20" en programación musical nacional *Video Corto* | C78: N/A | D78: N/A | E78: N/A | F78: N/A | G78: 13500000 | H78: N/A | I78: N/A | J78: N/A
B79: Tropicana - La Otra Entrevista - Incluye producción + amplificación con Reel en Tiktok, Instagram e historia en Facebook +15 promos en radio de 20" en programación musical nacional *Video Largo* | C79: N/A | D79: N/A | E79: N/A | F79: N/A | G79: 12500000 | H79: N/A | I79: N/A | J79: N/A
B80: Tropicana - Chicas en su Salsa - Incluye producción + amplificación con Reel en Instagram e historia en Facebook +15 promos en radio de 20" en programación musical nacional *Video Largo* | C80: N/A | D80: N/A | E80: N/A | F80: N/A | G80: 6500000 | H80: N/A | I80: N/A | J80: N/A
B81: Tropicana - Entre Valientes - Incluye producción + amplificación con Reel en Tiktok, Instagram e historia en Facebook +15 promos en radio de 20" en programación musical nacional *Video Largo* | C81: N/A | D81: N/A | E81: N/A | F81: N/A | G81: 12000000 | H81: N/A | I81: N/A | J81: N/A
B82: Tropicana - Muchas Pelotas / Las Mil Oficios / El Comelón / Se lo Explico con Expertos / Incluye producción + amplificación con Reel en Tiktok, Instagram e historia en Facebook +15 promos en radio de 20" en programación musical nacional *Video Corto* | C82: N/A | D82: N/A | E82: N/A | G82: ='Video Franquicia'!K185 -> 8500000 | H82: N/A | I82: N/A | J82: N/A
B83: Radioacktiva - Pantalleros / Rock Facts / Gabsulas - Incluye producción + amplificación con Reel en Tiktok e Instagram *Video Largo* | C83: N/A | D83: N/A | E83: N/A | F83: N/A | G83: N/A | H83: N/A | I83: ='Video Franquicia'!K193 -> 7800000 | J83: N/A
B84: Milonga - Incluye producción + amplificación con Reel en Tiktok e Instagram + 4 cuñas de Radio en AS Mundial *Video Largo* | C84: 18500000 | D84: N/A | E84: N/A | G84: N/A | H84: N/A | I84: N/A | J84: N/A
B85: MontoyAS - Incluye producción + amplificación con Reel en Tiktok e Instagram + 4 cuñas de Radio en AS Mundial *Video Largo* | C85: 20000000 | D85: N/A | E85: N/A | G85: N/A | H85: N/A | I85: N/A | J85: N/A
B86: Radioacktiva - Pica el Pico - Incluye producción + amplificación con Reel en Tiktok e Instagram+ Promos en Radio *Video Largo | C86: N/A | D86: N/A | E86: N/A | F86: N/A | G86: N/A | H86: N/A | I86: ='Video Franquicia'!L105 -> 22167300 | J86: N/A
B87: AS: Es un Hecho (Programa de temporada) - Incluye producción + amplificación con Reel en Tiktok e Instagram + 4 cuñas de Radio en AS Mundial *Video Largo* | C87: 14500000 | D87: N/A | E87: N/A | G87: N/A | H87: N/A | I87: N/A | J87: N/A
B88: La Fuga - Incluye producción + amplificación con Reel en Tiktok e Instagram + 4 cuñas de Radio en AS Mundial *Video Largo* | C88: 11500000 | D88: N/A | E88: N/A | G88: N/A | H88: N/A | I88: N/A | J88: N/A
B89: AS: El Albúm / Vidas / Sin Tibiezas - Incluye producción + amplificación con Reel en Tiktok e Instagram Video Largo* | C89: ='Video Franquicia'!K210 -> 10000000 | D89: N/A | E89: N/A | G89: N/A | H89: N/A | I89: N/A | J89: N/A
B90: Latido - Incluye producción + amplificación con Reel en Tiktok e Instagram + 4 cuñas de Radio en AS Mundial *Video Largo* | C90: 12000000 | D90: N/A | E90: N/A | G90: N/A | H90: N/A | I90: N/A | J90: N/A
B91: La Polémica - Incluye producción + amplificación con Reel en Tiktok e Instagram + 4 cuñas de Radio en Pulso del Fútbol *Programa* | C91: N/A | D91: N/A | E91: 15500000 | G91: N/A | H91: N/A | I91: N/A | J91: N/A
B92: El BVar - Incluye producción + amplificación con Reel en Tiktok e Instagram + 4 cuñas de Radio en el Bvar (FDS) *Programa* | C92: N/A | D92: N/A | E92: 12000000 | G92: N/A | H92: N/A | I92: N/A | J92: N/A
B93: El Pulso del Fútbol - Incluye producción + amplificación con Reel en Tiktok e Instagram + 4 cuñas de Radio en Pulso del Fútbol *Programa* | C93: N/A | D93: N/A | E93: 20500000 | G93: N/A | H93: N/A | I93: N/A | J93: N/A
B94: AS Mundial - Incluye producción + amplificación con Reel en Tiktok e Instagram + 4 cuñas de Radio en AS Mundial *Programa* | C94: N/A | D94: N/A | E94: 18000000 | G94: N/A | H94: N/A | I94: N/A | J94: N/A
B95: AS: Big Data - Incluye producción + amplificación con Reel en Tiktok e Instagram Video Corto* | C95: ='Video Franquicia'!K218 -> 8800000 | D95: N/A | E95: N/A | G95: N/A | H95: N/A | I95: N/A | J95: N/A
C96: Formatos creados por Prisa Media - Todos los videos deben ser coordinados y aprobados por Producto comercial digital
C97: Ver descripción detallada en la matriz de video digital
C99: TARIFAS BRUTAS - VER POLÍTICA COMERCIAL PARA APLICAR DESCUENTOS
A100: PRODUCCIÓN Y CONTENIDO | B100: Nota de contenido patrocinada + 100.000 impresiones | C100: =5700000+K10 -> 8800000 | D100: =5700000+L10 -> 8800000 | E100: =7700000+M10 -> 10800000 | F100: =3000000+2500000+2500000+2700000 -> 10700000 | G100: =5700000+N10 -> 8550000 | H100: =5700000+O10 -> 8550000 | I100: =5700000+P10 -> 8550000 | J100: =5700000+Q10 -> 8550000 | K100: =2000000*14% -> 280000 | L100: =K100+2000000 -> 2280000
B101: Agrupador de Contenido con 3 notas + 100.000 impresiones | C101: =2280000+K101+K10 -> 22480000 | D101: =2280000+K101+L10 -> 22480000 | E101: =2280000+L101+M10 -> 28480000 | F101: =2000000+9000000+4050000 -> 15050000 | G101: =2280000+K101+N10 -> 22230000 | H101: =2280000+K101+O10 -> 22230000 | I101: =2280000+K101+P10 -> 22230000 | J101: =(2280000+K101+Q10) -> 22230000 | K101: =5700000*3 -> 17100000 | L101: =7700000*3 -> 23100000
B102: Patrocinio Podcast (Triton) 100.000 impresiones | C102: N/A | D102: N/A | E102: 6850000 | F102: 6000000 | G102: 6850000 | H102: 6850000 | I102: 6850000 | J102: 6850000
B103: Formulario básico (Qualifio) | C103: 1140000 | D103: 1140000 | E103: 1140000 | F103: 1000000 | G103: 1140000 | H103: 1140000 | I103: 1140000 | J103: 1140000 | K103: =1000000*14% -> 140000 | L103: =1000000+K103 -> 1140000
B104: Piezas a la medida (Redes y/o Display) - 5 en total | C104: 1140000 | D104: 1140000 | E104: 1140000 | F104: 1000000 | G104: 1140000 | H104: 1140000 | I104: 1140000 | J104: 1140000
B105: Branded Content exclusivo para cliente (EP América) | C105: N/A | D105: =15000000+(15000000*K7) -> 17100000 | E105: N/A | F105: N/A | G105: N/A | H105: N/A | I105: N/A | J105: N/A
...

Sheet Métricas
C2: PROMEDIOS PRISA MEDIA 2026
C4: AS COLOMBIA | D4: EP AMÉRICA | E4: CARACOL | F4: TROPICANA | G4: BÉSAME | H4: RADIOACKTIVA | I4: LOS 40
B6: FORMATOS | C6: FORMATOS PROMEDIO POR SALIDA - OBJETIVO: CPM
A7: DISPLAY | B7: Tradicionales | C7: Se recomienda tener un mínimo de 100.000 impresiones en 7 días para campañas de poca duración. Importante revisar el inventario disponible en los diferentes formatos.
B8: Video Pre roll
B9: Audio Pre Roll (Max 30")
B10: Audiencias Extendidas (Geolocalización) | C10: El alcance se calcula con ejercicios a la medida del anunciante
C12: FORMATOS PROMEDIO POR SALIDA - OBJETIVO: CPM
A13: PRES FIJA | B13: Brand Day (24 horas) | C13: 300000 | D13: 150000 | E13: 350000 | F13: 150000 | G13: 100000 | H13: 200000 | I13: 50000
B14: Brand Day Interactivo (24 horas) | C14: 400000 | D14: N/A | E14: 400000 | F14: 200000 | G14: 120000 | H14: 250000 | I14: 60000
B15: Patrocinio Sección Interna (24 horas) | C15: 100000 | D15: 50000 | E15: 60000 | F15: 50000 | G15: 90000 | H15: 70000 | I15: 60000
B16: Botón Fijo (24 horas) | C16: 200000 | D16: 60000 | E16: 120000 | F16: 100000 | G16: 80000 | H16: 80000 | I16: 30000
C17: Los alcances pueden variar dependiendo de la creatividad, el mensaje y la temática de la campaña.
C19: FORMATOS PROMEDIO POR SALIDA - OBJETIVO: REPRODUCCIONES
B20: Latido - Incluye producción + amplificación con Reel en Tiktok e Instagram + 4 cuñas de Radio en AS Mundial *Video Largo* | C20: 15000 | D20: N/A | E20: N/A | F20: N/A | G20: N/A | H20: N/A | I20: N/A
B21: La Polémica - Incluye producción + amplificación con Reel en Tiktok e Instagram + 4 cuñas de Radio en Pulso del Fútbol *Programa* | C21: N/A | D21: N/A | E21: 40000 | F21: N/A | G21: N/A | H21: N/A | I21: N/A
B22: El BVar - Incluye producción + amplificación con Reel en Tiktok e Instagram + 4 cuñas de Radio en el Bvar (FDS) *Programa* | C22: N/A | D22: N/A | E22: 15000 | F22: N/A | G22: N/A | H22: N/A | I22: N/A
B23: El Pulso del Fútbol - Incluye producción + amplificación con Reel en Tiktok e Instagram + 4 cuñas de Radio en Pulso del Fútbol *Programa* | C23: N/A | D23: N/A | E23: 60000 | F23: N/A | G23: N/A | H23: N/A | I23: N/A
B24: AS Mundial - Incluye producción + amplificación con Reel en Tiktok e Instagram + 4 cuñas de Radio en AS Mundial *Programa* | C24: N/A | D24: N/A | E24: 25000 | F24: N/A | G24: N/A | H24: N/A | I24: N/A
A25: FORMATOS DE VIDEO DE PRISA MEDIA (FRANQUCIAS) | B25: Probando Probando - Incluye producción + amplificación con Reel en Tiktok e Instagram + 9 Promos Estándar en Radio (3 en Dos puntos, 3 en Luciérnada y 3 en A Vivir FDS) *Video Corto* | C25: N/A | D25: N/A | E25: 15000 | F25: N/A | G25: N/A | H25: N/A | I25: N/A
B26: Entendencia - Incluye producción + amplificación con Reel en Tiktok e Instagram + 9 Promos Estándar en Radio (3 en Dos puntos, 3 en Luciérnada y 3 en A Vivir FDS) *Video Corto* | C26: N/A | D26: N/A | E26: 11000 | F26: N/A | G26: N/A | H26: N/A | I26: N/A
B27: Tecnología - Incluye producción + amplificación con Reel en Tiktok e Instagram + 9 Promos Estándar en Radio (3 en Dos puntos, 3 en Luciérnada y 3 en A Vivir FDS) *Video Corto* | C27: N/A | D27: N/A | E27: 150000 | F27: N/A | G27: N/A | H27: N/A | I27: N/A
B28: Check in - Incluye producción + amplificación con Reel en Tiktok e Instagram + 9 Promos Estándar en Radio (3 en Dos puntos, 3 en Luciérnada y 3 en A Vivir FDS) *Video Corto* | C28: N/A | D28: N/A | E28: 15000 | F28: N/A | G28: N/A | H28: N/A | I28: N/A
B29: Plaza Alvira / Bogotá - Incluye producción amplificación con Reel en Tiktok e Instagram + 12 Promos Estándar en Radio (3 en Dos puntos, 3 en Luciérnada, 3 en A Vivir FDS y 3 en Noticiero Media día) (este formato debe ir siempre con Radio) *Video Corto* | C29: N/A | D29: N/A | E29: 315000 | F29: N/A | G29: N/A | H29: N/A | I29: N/A
B30: La Michelada - Incluye producción + amplificación con Reel en Tiktok e Instagram + 9 Promos Estándar en Radio (3 en Dos puntos, 3 en Luciérnada y 3 en A Vivir FDS) *Video Podcast* | C30: N/A | D30: N/A | E30: 18000000 | G30: N/A | H30: N/A | I30: N/A
B31: Rock and Gol - Incluye producción + amplificación con Reel en Tiktok e Instagram + 15 promos en radio de 20" en programación musical nacional *Programa* | C31: N/A | D31: N/A | E31: N/A | F31: N/A | G31: N/A | H31: 30000 | I31: N/A
B32: Milonga - Incluye producción + amplificación con Reel en Tiktok e Instagram + 4 cuñas de Radio en AS Mundial *Video Largo* | C32: 30000 | D32: N/A | E32: N/A | F32: N/A | G32: N/A | H32: N/A | I32: N/A
B33: MontoyAS - Incluye producción + amplificación con Reel en Tiktok e Instagram + 4 cuñas de Radio en AS Mundial *Video Largo* | C33: 40000 | D33: N/A | E33: N/A | F33: N/A | G33: N/A | H33: N/A | I33: N/A
B34: La Fuga - Incluye producción + amplificación con Reel en Tiktok e Instagram + 4 cuñas de Radio en AS Mundial *Video Largo* | C34: 3000 | D34: N/A | E34: N/A | F34: N/A | G34: N/A | H34: N/A | I34: N/A
B35: Latido - Incluye producción + amplificación con Reel en Tiktok e Instagram + 4 cuñas de Radio en AS Mundial *Video Largo* | C35: 15000 | D35: N/A | E35: N/A | F35: N/A | G35: N/A | H35: N/A | I35: N/A
B36: La Polémica - Incluye producción + amplificación con Reel en Tiktok e Instagram + 4 cuñas de Radio en Pulso del Fútbol *Programa* | C36: N/A | D36: N/A | E36: 40000 | F36: N/A | G36: N/A | H36: N/A | I36: N/A
B37: El BVar - Incluye producción + amplificación con Reel en Tiktok e Instagram + 4 cuñas de Radio en el Bvar (FDS) *Programa* | C37: N/A | D37: N/A | E37: 15000 | F37: N/A | G37: N/A | H37: N/A | I37: N/A
B38: El Pulso del Fútbol - Incluye producción + amplificación con Reel en Tiktok e Instagram + 4 cuñas de Radio en Pulso del Fútbol *Programa* | C38: N/A | D38: N/A | E38: 60000 | F38: N/A | G38: N/A | H38: N/A | I38: N/A
B39: AS Mundial - Incluye producción + amplificación con Reel en Tiktok e Instagram + 4 cuñas de Radio en AS Mundial *Programa* | C39: N/A | D39: N/A | E39: 25000 | F39: N/A | G39: N/A | H39: N/A | I39: N/A
B40: Caracol - Los Protagonistas / En Territorio / Geniales y Mayores/ Yo se quién sabe lo que ud no sabe... con vino / Incluye producción + amplificación con Reel en Tiktok e Instagram + 9 Promos Estándar en Radio (3 en Dos puntos, 3 en Luciérnada y 3 en A Vivir FDS) Video Largo* Tarifa Bogotá | C40: N/A | D40: N/A | E40: 30000 | F40: N/A | G40: N/A | H40: N/A | I40: N/A
B41: Caracol - Parodias la Luciérnaga / El Sermón de Fraile / El Radar de Villar / Se lo Explico con Datos / Doble Clic Incluye producción + amplificación con Reel en Tiktok e Instagram + 9 Promos Estándar en Radio (3 en Dos puntos, 3 en Luciérnada y 3 en A Vivir FDS) Video Corto* Tarifa Bogotá | C41: N/A | D41: N/A | E41: 20000 | F41: N/A | G41: N/A | H41: N/A | I41: N/A
B42: Los 40: Team Hater / Maldito Milenial / Suplentes del Gol / + de 40 - Incluye producción + amplificación con Reel en Tiktok e Instagram +15 promos en radio de 20" en programación musical nacional *Programa* | C42: N/A | D42: N/A | E42: N/A | F42: N/A | G42: N/A | H42: N/A | I42: 50000
B43: Bésame - Historia de Cachos - Incluye producción + amplificación con Reel en Tiktok e Instagram +15 promos en radio de 20" en programación musical nacional *Video Largo* | C43: N/A | D43: N/A | E43: N/A | F43: 0 | G43: 5000 | H43: N/A | I43: N/A
B44: Bésame - Mechismes - Incluye producción + amplificación con Reel en Tiktok e Instagram +15 promos en radio de 20" en programación musical nacional *Video Largo* | C44: N/A | D44: N/A | E44: N/A | F44: N/A | G44: 150000 | H44: N/A | I44: N/A
B45: Bésame - Cartas a mi ex / Conversemos con Sandro / Puebliando / Mujeres que Transforman / Incluye producción + amplificación con Reel en Tiktok e Instagram +15 promos en radio de 20" en programación musical nacional Video Largo* | C45: N/A | D45: N/A | E45: N/A | F45: N/A | G45: 10000 | H45: N/A | I45: N/A
B46: Tropicana - La Extraordinarias - Incluye producción + amplificación con Reel en Tiktok, Instagram e historia en Facebook +15 promos en radio de 20" en programación musical nacional *Video Corto* | C46: N/A | D46: N/A | E46: N/A | F46: 250000 | G46: N/A | H46: N/A | I46: N/A
B47: Tropicana - La Otra Entrevista - Incluye producción + amplificación con Reel en Tiktok, Instagram e historia en Facebook +15 promos en radio de 20" en programación musical nacional *Video Largo* | C47: N/A | D47: N/A | E47: N/A | F47: 150000 | G47: N/A | H47: N/A | I47: N/A
B48: Tropicana - Chicas en su Salsa - Incluye producción + amplificación con Reel en Instagram e historia en Facebook +15 promos en radio de 20" en programación musical nacional *Video Largo* | C48: N/A | D48: N/A | E48: N/A | F48: 8000 | G48: N/A | H48: N/A | I48: N/A
B49: Tropicana - Entre Valientes - Incluye producción + amplificación con Reel en Tiktok, Instagram e historia en Facebook +15 promos en radio de 20" en programación musical nacional *Video Largo* | C49: N/A | D49: N/A | E49: N/A | F49: 15000 | G49: N/A | H49: N/A | I49: N/A
B50: Tropicana - Muchas Pelotas / Las Mil Oficios / El Comelón / Se lo Explico con Expertos / Incluye producción + amplificación con Reel en Tiktok, Instagram e historia en Facebook +15 promos en radio de 20" en programación musical nacional *Video Corto* | C50: N/A | D50: N/A | E50: N/A | F50: 15000 | G50: N/A | H50: N/A | I50: N/A
B51: Radioacktiva - Pantalleros / Rock Facts / Gabsulas - Incluye producción + amplificación con Reel en Tiktok e Instagram *Video Largo* | C51: N/A | D51: N/A | E51: N/A | F51: N/A | G51: N/A | H51: 15000 | I51: N/A
B52: Milonga - Incluye producción + amplificación con Reel en Tiktok e Instagram + 4 cuñas de Radio en AS Mundial *Video Largo* | C52: 14800000 | D52: N/A | E52: N/A | F52: 0 | G52: N/A | H52: N/A | I52: N/A
B53: MontoyAS - Incluye producción + amplificación con Reel en Tiktok e Instagram + 4 cuñas de Radio en AS Mundial *Video Largo* | C53: 16000000 | D53: N/A | E53: N/A | F53: 0 | G53: N/A | H53: N/A | I53: N/A
B54: Radioacktiva - Pica el Pico - Incluye producción + amplificación con Reel en Tiktok e Instagram+ Promos en Radio *Video Largo | C54: N/A | D54: N/A | E54: N/A | F54: N/A | G54: N/A | H54: 15000 | I54: N/A
B55: AS: Es un Hecho (Programa de temporada) - Incluye producción + amplificación con Reel en Tiktok e Instagram + 4 cuñas de Radio en AS Mundial *Video Largo* | C55: 15000 | D55: N/A | E55: N/A | F55: N/A | G55: N/A | H55: N/A | I55: N/A
B56: La Fuga - Incluye producción + amplificación con Reel en Tiktok e Instagram + 4 cuñas de Radio en AS Mundial *Video Largo* | C56: 9200000 | D56: N/A | E56: N/A | F56: 0 | G56: N/A | H56: N/A | I56: N/A
B57: AS: El Albúm / Vidas / Sin Tibiezas - Incluye producción + amplificación con Reel en Tiktok e Instagram Video Largo* | C57: 20000 | D57: N/A | E57: N/A | F57: N/A | G57: N/A | H57: N/A | I57: N/A
B58: Latido - Incluye producción + amplificación con Reel en Tiktok e Instagram + 4 cuñas de Radio en AS Mundial *Video Largo* | C58: 9600000 | D58: N/A | E58: N/A | F58: 0 | G58: N/A | H58: N/A | I58: N/A
B59: La Polémica - Incluye producción + amplificación con Reel en Tiktok e Instagram + 4 cuñas de Radio en Pulso del Fútbol *Programa* | C59: N/A | D59: N/A | E59: 12400000 | F59: 0 | G59: N/A | H59: N/A | I59: N/A
B60: El BVar - Incluye producción + amplificación con Reel en Tiktok e Instagram + 4 cuñas de Radio en el Bvar (FDS) *Programa* | C60: N/A | D60: N/A | E60: 9600000 | F60: 0 | G60: N/A | H60: N/A | I60: N/A
B61: El Pulso del Fútbol - Incluye producción + amplificación con Reel en Tiktok e Instagram + 4 cuñas de Radio en Pulso del Fútbol *Programa* | C61: N/A | D61: N/A | E61: 16400000 | F61: 0 | G61: N/A | H61: N/A | I61: N/A
B62: AS Mundial - Incluye producción + amplificación con Reel en Tiktok e Instagram + 4 cuñas de Radio en AS Mundial *Programa* | C62: N/A | D62: N/A | E62: 14400000 | F62: 0 | G62: N/A | H62: N/A | I62: N/A
B63: AS: Big Data - Incluye producción + amplificación con Reel en Tiktok e Instagram Video Corto* | C63: 15000 | D63: N/A | E63: N/A | F63: N/A | G63: N/A | H63: N/A | I63: N/A
C64: Formatos creados por Prisa Media - Todos los videos deben ser coordinados y aprobados por Producto comercial digital
C65: Ver descripción detallada en la matriz de video digital
C68: FORMATOS PROMEDIO POR SALIDA: OBJETIVO: PERSONAS ALCANZADAS
A69: X | B69: Tweet con URL, Foto y/o Video | C69: 3000 | D69: N/A | E69: 2200 | F69: 500 | G69: N/A | H69: 1500 | I69: N/A
C70: Los alcances pueden variar dependiendo de la creatividad, el mensaje y la temática de la campaña.
C72: FORMATOS PROMEDIO POR SALIDA: OBJETIVO: PERSONAS ALCANZADAS
A73: INSTAGRAM | B73: Post | C73: 8000 | D73: 3000 | E73: 27000 | F73: 6000 | G73: 4000 | H73: 15000 | I73: 35000
B74: Historia - Video Corto* | C74: 6000 | D74: 2000 | E74: 5000 | F74: 4000 | G74: 2000 | H74: 16000 | I74: 24000
B75: Reel - Video Corto* | C75: 10000 | D75: 4000 | E75: 10000 | F75: 10000 | G75: 7000 | H75: 35000 | I75: 35000
B76: RÁFAGAS
C77: Los alcances pueden variar dependiendo de la creatividad, el mensaje y la temática de la campaña.
C79: FORMATOS PROMEDIO POR SALIDA: OBJETIVO: PERSONAS ALCANZADAS
A80: META | B80: Post | C80: 14000 | D80: 5000 | E80: 20000 | F80: 8000 | G80: 2000 | H80: 2000 | I80: 6000
B81: Historia - Video Corto* | C81: 3000 | D81: 4000 | E81: 10000 | F81: 50000 | G81: 1000 | H81: 9000 | I81: 20000
C82: Los alcances pueden variar dependiendo de la creatividad, el mensaje y la temática de la campaña.
C84: FORMATOS PROMEDIO POR SALIDA: OBJETIVO: REPRODUCCIONES
A85: TIKTOK | B85: Reel (solo producido por Prisa Media) - Video Corto* | C85: 10000 | D85: N/A | E85: 8000 | F85: 17000 | G85: 12000 | H85: 20000 | I85: 150000
B86: EN VIVO
C87: Los alcances pueden variar dependiendo de la creatividad, el mensaje y la temática de la campaña.
C89: FORMATOS PROMEDIO POR SALIDA: OBJETIVO: REPRODUCCIONES / CPM
A90: YOUTUBE | B90: Video (solo producido por Prisa Media) Video Largo* | C90: 5000 | D90: N/a | E90: 7000 | F90: 4000 | G90: 3000 | H90: 4000 | I90: 80000
C91: Los alcances pueden variar dependiendo de la creatividad, el mensaje y la temática de la campaña.
C93: FORMATOS PROMEDIO POR SALIDA: OBJETIVO: CPM
A94: REDES LOCALES | B94: Instagram - Facebook Post | C94: El alcance se calcula dependiendo la ciudad
B95: Instagram - Facebook Reel - Video Corto*
B96: Instagram - Historia - Video Corto*
B97: Tiktok Reel (Videos producidos por Prisa Media) - Video Corto*
B98: Ráfagas - Video Corto*
C101: FORMATOS PROMEDIO POR SALIDA: OBJETIVO: IMPRESIONES / PÁGINAS VISTAS
A102: PRODUCCION Y CONTENIDO | B102: Nota de contenido patrocinada + 100.000 impresiones | C102: 105000 | D102: N/A | E102: 120000 | F102: 105000 | G102: 101000 | H102: 104000 | I102: 101000
B103: Agrupador de Contenido con 3 notas + 100.000 impresiones
B104: Patrocinio Podcast (Triton) 100.000 impresiones | C104: N/A | D104: N/A | E104: 100000 | F104: 100000 | G104: 100000 | H104: 100000 | I104: 100000
B105: Formulario básico (Qualifio)
B106: Piezas a la medida (Redes y/o Display) - 5 en total
B107: Branded Content exclusivo para cliente (EP América) | C107: N/A | D107: 500000 | E107: N/A | F107: N/A | G107: N/A | H107: N/A | I107: N/A
B108: Especial de Publicidad (EP América) | C108: N/A | D108: 300000 | E108: N/A | F108: N/A | G108: N/A | H108: N/A | I108: N/A
B109: Long Form (AS Colombia) | C109: 300000 | D109: N/A | E109: N/A | F109: N/A | G109: N/A | H109: N/A | I109: N/A
B110: Minuto a Minuto (AS Colombia) | C110: 200000 | D110: N/A | E110: N/A | F110: N/A | G110: N/A | H110: N/A | I110: N/A
B111: Widget (AS Home - CRC Sección) | C111: 1000000 | D111: N/A | E111: 800000 | F111: N/A | G111: N/A | H111: N/A | I111: N/A
B112: Live *Video Largo (Consultar con Producto) | C112: A la medida | D112: N/A | E112: A la medida | F112: A la medida | G112: A la medida | H112: A la medida | I112: A la medida
C113: Los alcances pueden variar dependiendo de la creatividad, el mensaje y la temática de la campaña.

Sheet Video Corto
A1: LOS 40 - VIDEO CORTO RRSS IMPRESENTABLES (3 TALENTOS)
A2: MARCA | B2: CIUDAD | C2: PRODUCTO | D2: VALORIZACION | E2: VALOR VEZ | F2: VECES DIA | G2: No DIAS | H2: TOTAL | I2: VALOR BTO | J2: DTO | K2: VALOR NETO | L2: 0.14
A3: LOS40 | B3: DIGITAL | C3: DIGITAL | D3: VIDEO (PRODUCCIÓN) | E3: =L3 -> 17100000 | F3: 1 | G3: 1 | H3: 1 | I3: =E3*F3 -> 17100000 | J3: 0 | K3: =I3-I3*J3 -> 17100000 | L3: =15000000+(15000000*L2) -> 17100000
A4: LOS40 | B4: DIGITAL | C4: DIGITAL | D4: REEL IG (PUBLICACIÓN) | E4: 9000000 | F4: 1 | G4: 1 | H4: 1 | I4: =E4*F4 -> 9000000 | J4: 0.4 | K4: =I4-I4*J4 -> 5400000 | L4: =7800000+(7800000*L2) -> 8892000
A5: LOS40 | B5: DIGITAL | C5: DIGITAL | D5: VIDEO TIK TOK (PUBLICACIÓN) | E5: 15100000 | F5: 1 | G5: 1 | H5: 1 | I5: =E5*F5 -> 15100000 | J5: 0.40397351 | K5: =I5-I5*J5 -> 9000000 | L5: =13200000+(13200000*L2) -> 15048000
I6: =SUM(I3:I5) -> 41200000 | K6: =SUM(K3:K5) -> 31500000
A8: LOS 40 - VIDEO CORTO RRSS 2 TALENTOS (ROBERTO CARDONA O PIPE FLOREZ)
A9: MARCA | B9: CIUDAD | C9: PRODUCTO | D9: VALORIZACION | E9: VALOR VEZ | F9: VECES DIA | G9: No DIAS | H9: TOTAL | I9: VALOR BTO | J9: DTO | K9: VALOR NETO | L9: 0.14
A10: LOS40 | B10: DIGITAL | C10: DIGITAL | D10: VIDEO (PRODUCCIÓN) | E10: =L10 -> 11400000 | F10: 1 | G10: 1 | H10: 1 | I10: =E10*F10 -> 11400000 | J10: 0 | K10: =I10-I10*J10 -> 11400000 | L10: =10000000+(10000000*L9) -> 11400000
A11: LOS40 | B11: DIGITAL | C11: DIGITAL | D11: REEL IG (PUBLICACIÓN) | E11: 9000000 | F11: 1 | G11: 1 | H11: 1 | I11: =E11*F11 -> 9000000 | J11: 0.35 | K11: =I11-I11*J11 -> 5850000 | L11: =7800000+(7800000*L9) -> 8892000
A12: LOS40 | B12: DIGITAL | C12: DIGITAL | D12: VIDEO TIK TOK (PUBLICACIÓN) | E12: 15100000 | F12: 1 | G12: 1 | H12: 1 | I12: =E12*F12 -> 15100000 | J12: 0.35430464 | K12: =I12-I12*J12 -> 9750000 | L12: =13200000+(13200000*L9) -> 15048000
I13: =SUM(I10:I12) -> 35500000 | K13: =SUM(K10:K12) -> 27000000
A15: LOS 40 - VIDEO CORTO RRSS 1 SOLO TALENTO (ROBERTO CARDONA O PIPE FLOREZ)
A16: MARCA | B16: CIUDAD | C16: PRODUCTO | D16: VALORIZACION | E16: VALOR VEZ | F16: VECES DIA | G16: No DIAS | H16: TOTAL | I16: VALOR BTO | J16: DTO | K16: VALOR NETO | L16: 0.14
A17: LOS40 | B17: DIGITAL | C17: DIGITAL | D17: VIDEO (PRODUCCIÓN) | E17: =L17 -> 5700000 | F17: 1 | G17: 1 | H17: 1 | I17: =E17*F17 -> 5700000 | J17: 0 | K17: =I17-I17*J17 -> 5700000 | L17: =5000000+(5000000*L16) -> 5700000
A18: LOS40 | B18: DIGITAL | C18: DIGITAL | D18: REEL IG (PUBLICACIÓN) | E18: 9000000 | F18: 1 | G18: 1 | H18: 1 | I18: =E18*F18 -> 9000000 | J18: 0.3 | K18: =I18-I18*J18 -> 6300000 | L18: =7800000+(7800000*L16) -> 8892000
A19: LOS40 | B19: DIGITAL | C19: DIGITAL | D19: VIDEO TIK TOK (PUBLICACIÓN) | E19: 15100000 | F19: 1 | G19: 1 | H19: 1 | I19: =E19*F19 -> 15100000 | J19: 0.30463576 | K19: =I19-I19*J19 -> 10500000 | L19: =13200000+(13200000*L16) -> 15048000
I20: =SUM(I17:I19) -> 29800000 | K20: =SUM(K17:K19) -> 22500000
A22: LOS 40 - VIDEO CORTO RRSS (Talento sujeto a disponibilidad - NO es Impresentable)
A23: EMISORA | B23: CIUDAD | C23: PRODUCTO | D23: VALORIZACION | E23: VALOR VEZ | F23: VECES DIA | G23: No DIAS | H23: TOTAL | I23: VALOR BTO | J23: DTO | K23: VALOR NETO | L23: 0.14
A24: LOS40 | B24: DIGITAL | C24: LOS40.COM.CO | D24: VIDEO (PRODUCCIÓN) | E24: =L24 -> 5700000 | F24: 1 | G24: 1 | H24: 1 | I24: =E24*F24 -> 5700000 | J24: 0 | K24: =I24-I24*J24 -> 5700000 | L24: =5000000+(5000000*L23) -> 5700000
A25: LOS40 | B25: DIGITAL | C25: LOS40.COM.CO | D25: REEL IG (PUBLICACIÓN) | E25: 9000000 | F25: 1 | G25: 1 | H25: 1 | I25: =E25*F25 -> 9000000 | J25: 0.55 | K25: =I25-I25*J25 -> 4050000 | L25: =7800000+(7800000*L23) -> 8892000
A26: LOS40 | B26: DIGITAL | C26: LOS40.COM.CO | D26: VIDEO TIK TOK (PUBLICACIÓN) | E26: 15100000 | F26: 1 | G26: 1 | H26: 1 | I26: =E26*F26 -> 15100000 | J26: 0.55298013 | K26: =I26-I26*J26 -> 6750000 | L26: =13200000+(13200000*L23) -> 15048000
I27: =SUM(I24:I26) -> 29800000 | K27: =SUM(K24:K26) -> 16500000
A30: RADIOACKTIVA - VIDEO CORTO RRSS - 1 TALENTO BOGOTÁ
A31: MARCA | B31: CIUDAD | C31: PRODUCTO | D31: VALORIZACION | E31: VALOR VEZ | F31: VECES DIA | G31: No DIAS | H31: TOTAL | I31: VALOR BTO | J31: DTO | K31: VALOR NETO | L31: 0.14
A32: RADIOACKTIVA | B32: DIGITAL | C32: DIGITAL | D32: VIDEO (PRODUCCIÓN) | E32: =L32 -> 5700000 | F32: 1 | G32: 1 | H32: 1 | I32: =E32*F32 -> 5700000 | J32: 0 | K32: =I32-I32*J32 -> 5700000 | L32: =5000000+(5000000*L31) -> 5700000
A33: RADIOACKTIVA | B33: DIGITAL | C33: DIGITAL | D33: REEL IG (PUBLICACIÓN) | E33: =L33 -> 2462400 | F33: 1 | G33: 1 | H33: 1 | I33: =E33*F33 -> 2462400 | J33: 0.4 | K33: =I33-I33*J33 -> 1477440 | L33: =2160000+(2160000*L31) -> 2462400
A34: RADIOACKTIVA | B34: DIGITAL | C34: DIGITAL | D34: VIDEO TIK TOK (PUBLICACIÓN) | E34: =L34 -> 6840000 | F34: 1 | G34: 1 | H34: 1 | I34: =E34*F34 -> 6840000 | J34: 0.39728655 | K34: =I34-I34*J34 -> 4122560 | L34: =6000000+(6000000*L31) -> 6840000
I35: =SUM(I32:I34) -> 15002400 | K35: =SUM(K32:K34) -> 11300000
A37: RADIOACKTIVA - VIDEO CORTO RRSS 2 TALENTOS BOGOTÁ
A38: MARCA | B38: CIUDAD | C38: PRODUCTO | D38: VALORIZACION | E38: VALOR VEZ | F38: VECES DIA | G38: No DIAS | H38: TOTAL | I38: VALOR BTO | J38: DTO | K38: VALOR NETO | L38: 0.14
A39: RADIOACKTIVA | B39: DIGITAL | C39: DIGITAL | D39: VIDEO (PRODUCCIÓN) | E39: =L39 -> 5700000 | F39: 1 | G39: 1 | H39: 1 | I39: =E39*F39 -> 5700000 | J39: 0 | K39: =I39-I39*J39 -> 5700000 | L39: =5000000+(5000000*L38) -> 5700000
A40: RADIOACKTIVA | B40: DIGITAL | C40: DIGITAL | D40: REEL IG (PUBLICACIÓN) | E40: =L40 -> 2462400 | F40: 1 | G40: 1 | H40: 1 | I40: =E40*F40 -> 2462400 | J40: 0.2 | K40: =I40-I40*J40 -> 1969920 | L40: =2160000+(2160000*L38) -> 2462400
A41: RADIOACKTIVA | B41: DIGITAL | C41: DIGITAL | D41: VIDEO TIK TOK (PUBLICACIÓN) | E41: =L41 -> 6840000 | F41: 1 | G41: 1 | H41: 1 | I41: =E41*F41 -> 6840000 | J41: 0.19150877 | K41: =I41-I41*J41 -> 5530080 | L41: =6000000+(6000000*L38) -> 6840000
I42: =SUM(I39:I41) -> 15002400 | K42: =SUM(K39:K41) -> 13200000
A44: RADIOACKTIVA - VIDEO CORTO RRSS 3 TALENTOS BOGOTÁ
A45: MARCA | B45: CIUDAD | C45: PRODUCTO | D45: VALORIZACION | E45: VALOR VEZ | F45: VECES DIA | G45: No DIAS | H45: TOTAL | I45: VALOR BTO | J45: DTO | K45: VALOR NETO | L45: 0.14
A46: RADIOACKTIVA | B46: DIGITAL | C46: DIGITAL | D46: VIDEO (PRODUCCIÓN) | E46: =L46 -> 5700000 | F46: 1 | G46: 1 | H46: 1 | I46: =E46*F46 -> 5700000 | J46: 0 | K46: =I46-I46*J46 -> 5700000 | L46: =5000000+(5000000*L45) -> 5700000
A47: RADIOACKTIVA | B47: DIGITAL | C47: DIGITAL | D47: REEL IG (PUBLICACIÓN) | E47: =L47 -> 2462400 | F47: 1 | G47: 1 | H47: 1 | I47: =E47*F47 -> 2462400 | J47: 0 | K47: =I47-I47*J47 -> 2462400 | L47: =2160000+(2160000*L45) -> 2462400
A48: RADIOACKTIVA | B48: DIGITAL | C48: DIGITAL | D48: VIDEO TIK TOK (PUBLICACIÓN) | E48: =L48 -> 6840000 | F48: 1 | G48: 1 | H48: 1 | I48: =E48*F48 -> 6840000 | J48: 0.00035087719 | K48: =I48-I48*J48 -> 6837600 | L48: =6000000+(6000000*L45) -> 6840000
I49: =SUM(I46:I48) -> 15002400 | K49: =SUM(K46:K48) -> 15000000
A51: RADIOACKTIVA - VIDEO CORTO LOCAL
A52: MARCA | B52: CIUDAD | C52: PRODUCTO | D52: VALORIZACION | E52: VALOR VEZ | F52: VECES DIA | G52: No DIAS | H52: TOTAL | I52: VALOR BTO | J52: DTO | K52: VALOR NETO | L52: 0.14
A53: RADIOACKTIVA | B53: DIGITAL | C53: DIGITAL | D53: VIDEO (PRODUCCIÓN) | E53: 1500000 | F53: 1 | G53: 1 | H53: 1 | I53: =E53*F53 -> 1500000 | J53: 0.17333333 | K53: =I53-I53*J53 -> 1240000 | L53: =5000000+(5000000*L52) -> 5700000
A54: RADIOACKTIVA | B54: DIGITAL | C54: DIGITAL | D54: REEL IG LOCAL | E54: 900000 | F54: 1 | G54: 1 | H54: 1 | I54: =E54*F54 -> 900000 | J54: 0.3 | K54: =I54-I54*J54 -> 630000 | L54: =2160000+(2160000*L52) -> 2462400
A55: RADIOACKTIVA | B55: DIGITAL | C55: DIGITAL | D55: VIDEO TIK TOK LOCAL | E55: 900000 | F55: 1 | G55: 1 | H55: 1 | I55: =E55*F55 -> 900000 | J55: 0.3 | K55: =I55-I55*J55 -> 630000 | L55: =6500000+(6500000*L52) -> 7410000
I56: =SUM(I53:I55) -> 3300000 | K56: =SUM(K53:K55) -> 2500000
A58: RADIOACKTIVA - VIDEO HISTORIA LOCAL
A59: MARCA | B59: CIUDAD | C59: PRODUCTO | D59: VALORIZACION | E59: VALOR VEZ | F59: VECES DIA | G59: No DIAS | H59: TOTAL | I59: VALOR BTO | J59: DTO | K59: VALOR NETO | L59: 0.14
A60: RADIOACKTIVA | B60: DIGITAL | C60: DIGITAL | D60: VIDEO (PRODUCCIÓN) | E60: 1000000 | F60: 1 | G60: 1 | H60: 1 | I60: =E60*F60 -> 1000000 | J60: 0.47 | K60: =I60-I60*J60 -> 530000 | L60: =5000000+(5000000*L59) -> 5700000
A61: RADIOACKTIVA | B61: DIGITAL | C61: DIGITAL | D61: REEL IG LOCAL | E61: 900000 | F61: 1 | G61: 1 | H61: 1 | I61: =E61*F61 -> 900000 | J61: 0.47777778 | K61: =I61-I61*J61 -> 470000 | L61: =2160000+(2160000*L59) -> 2462400
I62: =SUM(I60:I61) -> 1900000 | K62: =SUM(K60:K61) -> 1000000
A64: TROPICANA - VIDEO CORTO RRSS - 1 TALENTO BOGOTÁ
A65: MARCA | B65: CIUDAD | C65: PRODUCTO | D65: VALORIZACION | E65: VALOR VEZ | F65: VECES DIA | G65: No DIAS | H65: TOTAL | I65: VALOR BTO | J65: DTO | K65: VALOR NETO | L65: 0.14
A66: TROPICANA | B66: DIGITAL | C66: DIGITAL | D66: VIDEO (PRODUCCIÓN) | E66: =L66 -> 5700000 | F66: 1 | G66: 1 | H66: 1 | I66: =E66*F66 -> 5700000 | J66: 0 | K66: =I66-I66*J66 -> 5700000 | L66: =5000000+(5000000*L65) -> 5700000
A67: TROPICANA | B67: DIGITAL | C67: DIGITAL | D67: REEL IG (PUBLICACIÓN) | E67: 2500000 | F67: 1 | G67: 1 | H67: 1 | I67: =E67*F67 -> 2500000 | J67: 0.4 | K67: =I67-I67*J67 -> 1500000 | L67: =2160000+(2160000*L65) -> 2462400
A68: TROPICANA | B68: DIGITAL | C68: DIGITAL | D68: VIDEO TIK TOK (PUBLICACIÓN) | E68: 7400000 | F68: 1 | G68: 1 | H68: 1 | I68: =E68*F68 -> 7400000 | J68: 0.39189189 | K68: =I68-I68*J68 -> 4500000 | L68: =6500000+(6500000*L65) -> 7410000
I69: =SUM(I66:I68) -> 15600000 | K69: =SUM(K66:K68) -> 11700000
A71: TROPICANA - VIDEO CORTO RRSS 2 TALENTOS BOGOTÁ
A72: MARCA | B72: CIUDAD | C72: PRODUCTO | D72: VALORIZACION | E72: VALOR VEZ | F72: VECES DIA | G72: No DIAS | H72: TOTAL | I72: VALOR BTO | J72: DTO | K72: VALOR NETO | L72: 0.14
A73: TROPICANA | B73: DIGITAL | C73: DIGITAL | D73: VIDEO (PRODUCCIÓN) | E73: =L73 -> 5700000 | F73: 1 | G73: 1 | H73: 1 | I73: =E73*F73 -> 5700000 | J73: 0 | K73: =I73-I73*J73 -> 5700000 | L73: =5000000+(5000000*L72) -> 5700000
A74: TROPICANA | B74: DIGITAL | C74: DIGITAL | D74: REEL IG (PUBLICACIÓN) | E74: 2500000 | F74: 1 | G74: 1 | H74: 1 | I74: =E74*F74 -> 2500000 | J74: 0.2 | K74: =I74-I74*J74 -> 2000000 | L74: =2160000+(2160000*L72) -> 2462400
A75: TROPICANA | B75: DIGITAL | C75: DIGITAL | D75: VIDEO TIK TOK (PUBLICACIÓN) | E75: 7400000 | F75: 1 | G75: 1 | H75: 1 | I75: =E75*F75 -> 7400000 | J75: 0.2027027 | K75: =I75-I75*J75 -> 5900000 | L75: =6500000+(6500000*L72) -> 7410000
I76: =SUM(I73:I75) -> 15600000 | K76: =SUM(K73:K75) -> 13600000
A78: TROPICANA - VIDEO CORTO RRSS 3 TALENTOS BOGOTÁ
A79: MARCA | B79: CIUDAD | C79: PRODUCTO | D79: VALORIZACION | E79: VALOR VEZ | F79: VECES DIA | G79: No DIAS | H79: TOTAL | I79: VALOR BTO | J79: DTO | K79: VALOR NETO | L79: 0.14
A80: TROPICANA | B80: DIGITAL | C80: DIGITAL | D80: VIDEO (PRODUCCIÓN) | E80: =L80 -> 5700000 | F80: 1 | G80: 1 | H80: 1 | I80: =E80*F80 -> 5700000 | J80: 0 | K80: =I80-I80*J80 -> 5700000 | L80: =5000000+(5000000*L79) -> 5700000
A81: TROPICANA | B81: DIGITAL | C81: DIGITAL | D81: REEL IG (PUBLICACIÓN) | E81: 2500000 | F81: 1 | G81: 1 | H81: 1 | I81: =E81*F81 -> 2500000 | J81: 0 | K81: =I81-I81*J81 -> 2500000 | L81: =2160000+(2160000*L79) -> 2462400
A82: TROPICANA | B82: DIGITAL | C82: DIGITAL | D82: VIDEO TIK TOK (PUBLICACIÓN) | E82: 7400000 | F82: 1 | G82: 1 | H82: 1 | I82: =E82*F82 -> 7400000 | J82: 0 | K82: =I82-I82*J82 -> 7400000 | L82: =6500000+(6500000*L79) -> 7410000
I83: =SUM(I80:I82) -> 15600000 | K83: =SUM(K80:K82) -> 15600000
A86: TROPICANA - VIDEO CORTO LOCAL
A87: MARCA | B87: CIUDAD | C87: PRODUCTO | D87: VALORIZACION | E87: VALOR VEZ | F87: VECES DIA | G87: No DIAS | H87: TOTAL | I87: VALOR BTO | J87: DTO | K87: VALOR NETO | L87: 0.14
A88: TROPICANA | B88: DIGITAL | C88: DIGITAL | D88: VIDEO (PRODUCCIÓN) | E88: 1500000 | F88: 1 | G88: 1 | H88: 1 | I88: =E88*F88 -> 1500000 | J88: 0.17333333 | K88: =I88-I88*J88 -> 1240000 | L88: =5000000+(5000000*L87) -> 5700000
A89: TROPICANA | B89: DIGITAL | C89: DIGITAL | D89: REEL IG LOCAL | E89: 900000 | F89: 1 | G89: 1 | H89: 1 | I89: =E89*F89 -> 900000 | J89: 0.3 | K89: =I89-I89*J89 -> 630000 | L89: =2160000+(2160000*L87) -> 2462400
A90: TROPICANA | B90: DIGITAL | C90: DIGITAL | D90: VIDEO TIK TOK LOCAL | E90: 900000 | F90: 1 | G90: 1 | H90: 1 | I90: =E90*F90 -> 900000 | J90: 0.3 | K90: =I90-I90*J90 -> 630000 | L90: =6500000+(6500000*L87) -> 7410000
I91: =SUM(I88:I90) -> 3300000 | K91: =SUM(K88:K90) -> 2500000
A94: TROPICANA - VIDEO HISTORIA LOCAL
A95: MARCA | B95: CIUDAD | C95: PRODUCTO | D95: VALORIZACION | E95: VALOR VEZ | F95: VECES DIA | G95: No DIAS | H95: TOTAL | I95: VALOR BTO | J95: DTO | K95: VALOR NETO | L95: 0.14
A96: TROPICANA | B96: DIGITAL | C96: DIGITAL | D96: VIDEO (PRODUCCIÓN) | E96: 1000000 | F96: 1 | G96: 1 | H96: 1 | I96: =E96*F96 -> 1000000 | J96: 0.47 | K96: =I96-I96*J96 -> 530000 | L96: =5000000+(5000000*L95) -> 5700000
A97: TROPICANA | B97: DIGITAL | C97: DIGITAL | D97: REEL IG LOCAL | E97: 900000 | F97: 1 | G97: 1 | H97: 1 | I97: =E97*F97 -> 900000 | J97: 0.47777778 | K97: =I97-I97*J97 -> 470000 | L97: =2160000+(2160000*L95) -> 2462400
I98: =SUM(I96:I97) -> 1900000 | K98: =SUM(K96:K97) -> 1000000
A100: BÉSAME - VIDEO CORTO RRSS - 1 TALENTO BOGOTÁ
A101: MARCA | B101: CIUDAD | C101: PRODUCTO | D101: VALORIZACION | E101: VALOR VEZ | F101: VECES DIA | G101: No DIAS | H101: TOTAL | I101: VALOR BTO | J101: DTO | K101: VALOR NETO | L101: 0.14
A102: BÉSAME | B102: DIGITAL | C102: DIGITAL | D102: VIDEO (PRODUCCIÓN) | E102: =L102 -> 5700000 | F102: 1 | G102: 1 | H102: 1 | I102: =E102*F102 -> 5700000 | J102: 0 | K102: =I102-I102*J102 -> 5700000 | L102: =5000000+(5000000*L101) -> 5700000
A103: BÉSAME | B103: DIGITAL | C103: DIGITAL | D103: REEL IG (PUBLICACIÓN) | E103: =L103 -> 1710000 | F103: 1 | G103: 1 | H103: 1 | I103: =E103*F103 -> 1710000 | J103: 0.4 | K103: =I103-I103*J103 -> 1026000 | L103: =1500000+(1500000*L101) -> 1710000
A104: BÉSAME | B104: DIGITAL | C104: DIGITAL | D104: VIDEO TIK TOK (PUBLICACIÓN) | E104: =L104 -> 2462400 | F104: 1 | G104: 1 | H104: 1 | I104: =E104*F104 -> 2462400 | J104: 0.40139701 | K104: =I104-I104*J104 -> 1474000 | L104: =2160000+(2160000*L101) -> 2462400
I105: =SUM(I102:I104) -> 9872400 | K105: =SUM(K102:K104) -> 8200000
A107: BÉSAME - VIDEO CORTO RRSS 2 TALENTOS BOGOTÁ
A108: MARCA | B108: CIUDAD | C108: PRODUCTO | D108: VALORIZACION | E108: VALOR VEZ | F108: VECES DIA | G108: No DIAS | H108: TOTAL | I108: VALOR BTO | J108: DTO | K108: VALOR NETO | L108: 0.14
A109: BÉSAME | B109: DIGITAL | C109: DIGITAL | D109: VIDEO (PRODUCCIÓN) | E109: =L109 -> 5700000 | F109: 1 | G109: 1 | H109: 1 | I109: =E109*F109 -> 5700000 | J109: 0 | K109: =I109-I109*J109 -> 5700000 | L109: =5000000+(5000000*L108) -> 5700000
A110: BÉSAME | B110: DIGITAL | C110: DIGITAL | D110: REEL IG (PUBLICACIÓN) | E110: =L110 -> 1710000 | F110: 1 | G110: 1 | H110: 1 | I110: =E110*F110 -> 1710000 | J110: 0.15 | K110: =I110-I110*J110 -> 1453500 | L110: =1500000+(1500000*L108) -> 1710000
A111: BÉSAME | B111: DIGITAL | C111: DIGITAL | D111: VIDEO TIK TOK (PUBLICACIÓN) | E111: =L111 -> 2462400 | F111: 1 | G111: 1 | H111: 1 | I111: =E111*F111 -> 2462400 | J111: 0.12828947 | K111: =I111-I111*J111 -> 2146500 | L111: =2160000+(2160000*L108) -> 2462400
I112: =SUM(I109:I111) -> 9872400 | K112: =SUM(K109:K111) -> 9300000
A114: BÉSAME - VIDEO CORTO RRSS 3 TALENTOS BOGOTÁ
A115: MARCA | B115: CIUDAD | C115: PRODUCTO | D115: VALORIZACION | E115: VALOR VEZ | F115: VECES DIA | G115: No DIAS | H115: TOTAL | I115: VALOR BTO | J115: DTO | K115: VALOR NETO | L115: 0.14
A116: BÉSAME | B116: DIGITAL | C116: DIGITAL | D116: VIDEO (PRODUCCIÓN) | E116: =L116 -> 5700000 | F116: 1 | G116: 1 | H116: 1 | I116: =E116*F116 -> 5700000 | J116: 0 | K116: =I116-I116*J116 -> 5700000 | L116: =5000000+(5000000*L115) -> 5700000
A117: BÉSAME | B117: DIGITAL | C117: DIGITAL | D117: REEL IG (PUBLICACIÓN) | E117: =L117 -> 1710000 | F117: 1 | G117: 1 | H117: 1 | I117: =E117*F117 -> 1710000 | J117: 0 | K117: =I117-I117*J117 -> 1710000 | L117: =1500000+(1500000*L115) -> 1710000
A118: BÉSAME | B118: DIGITAL | C118: DIGITAL | D118: VIDEO TIK TOK (PUBLICACIÓN) | E118: =L118 -> 2462400 | F118: 1 | G118: 1 | H118: 1 | I118: =E118*F118 -> 2462400 | J118: 0.0090968161 | K118: =I118-I118*J118 -> 2440000 | L118: =2160000+(2160000*L115) -> 2462400
I119: =SUM(I116:I118) -> 9872400 | K119: =SUM(K116:K118) -> 9850000
...

Sheet Video Programa (Secciones)
A1: LOS 40 - VIDEO SECCIONES - IMPRESENTABLES
A2: MARCA | B2: CIUDAD | C2: PRODUCTO | D2: VALORIZACION | E2: VALOR VEZ | F2: VECES DIA | G2: No DIAS | H2: TOTAL | I2: VALOR BTO | J2: DTO | K2: VALOR NETO | L2: 0.14 | M2: 0.1
A3: LOS40 | B3: NACIONAL | C3: IMPRESENTABLES | D3: SECCION ESPECIAL(RADIO) | E3: =M3 -> 6188600 | F3: 1 | G3: 1 | H3: =F3*G3 -> 1 | I3: =H3*E3 -> 6188600 | J3: 0.69549273 | K3: =I3-(I3*J3) -> 1884473.7 | M3: =5626000+(5626000*M2) -> 6188600
A4: LOS40 | B4: DIGITAL | C4: DIGITAL | D4: PRODUCCIÓN CAPSULA DE VIDEO | E4: =L4 -> 2280000 | F4: 1 | G4: 1 | H4: =F4*G4 -> 1 | I4: =H4*E4 -> 2280000 | J4: 0 | K4: =I4-(I4*J4) -> 2280000 | L4: =2000000+(2000000*L2) -> 2280000
A5: LOS40 | B5: DIGITAL | C5: DIGITAL | D5: REEL IG (PUBLICACIÓN) | E5: 9000000 | F5: 1 | G5: 1 | H5: =F5*G5 -> 1 | I5: =H5*E5 -> 9000000 | J5: 0.45 | K5: =I5-(I5*J5) -> 4950000 | L5: =7800000+(7800000*L2) -> 8892000
A6: LOS40 | B6: DIGITAL | C6: DIGITAL | D6: VIDEO TIK TOK (PUBLICACIÓN) | E6: 15100000 | F6: 1 | G6: 1 | H6: =F6*G6 -> 1 | I6: =H6*E6 -> 15100000 | J6: 0.45128965 | K6: =I6-(I6*J6) -> 8285526.3 | L6: =13200000+(13200000*L2) -> 15048000
I7: =SUM(I3:I6) -> 32568600 | K7: =SUM(K3:K6) -> 17400000
A9: LOS 40 - VIDEO SECCIONES CON PRODUCT PLACEMENT SIN INTERACCIÓN - (Cliente entrega el producto)
A10: MARCA | B10: CIUDAD | C10: PRODUCTO | D10: VALORIZACION | E10: VALOR VEZ | F10: VECES DIA | G10: No DIAS | H10: TOTAL | I10: VALOR BTO | J10: DTO | K10: VALOR NETO | L10: 0.14 | M10: 0.1
A11: LOS40 | B11: NACIONAL | C11: IMPRESENTABLES | D11: SECCION ESPECIAL(RADIO) | E11: =M11 -> 6188600 | F11: 1 | G11: 1 | H11: =F11*G11 -> 1 | I11: =H11*E11 -> 6188600 | J11: 0.70110577 | K11: =I11-(I11*J11) -> 1849736.8 | M11: =5626000+(5626000*M10) -> 6188600
A12: LOS40 | B12: DIGITAL | C12: DIGITAL | D12: PRODUCCIÓN CAPSULA DE VIDEO | E12: =L12 -> 2280000 | F12: 1 | G12: 1 | H12: =F12*G12 -> 1 | I12: =H12*E12 -> 2280000 | J12: 0 | K12: =I12-(I12*J12) -> 2280000 | L12: =2000000+(2000000*L10) -> 2280000
A13: LOS40 | B13: DIGITAL | C13: DIGITAL | D13: REEL IG (PUBLICACIÓN) | E13: 9000000 | F13: 1 | G13: 1 | H13: =F13*G13 -> 1 | I13: =H13*E13 -> 9000000 | J13: 0.45 | K13: =I13-(I13*J13) -> 4950000 | L13: =7800000+(7800000*L10) -> 8892000
A14: LOS40 | B14: DIGITAL | C14: DIGITAL | D14: VIDEO TIK TOK (PUBLICACIÓN) | E14: 15100000 | F14: 1 | G14: 1 | H14: =F14*G14 -> 1 | I14: =H14*E14 -> 15100000 | J14: 0.45582781 | K14: =I14-(I14*J14) -> 8217000 | L14: =13200000+(13200000*L10) -> 15048000
A15: LOS40 | B15: DIGITAL | C15: DIGITAL | D15: PRODUCT PLACEMENT SIN INTERACCIÓN | E15: =L15 -> 2736000 | F15: 1 | G15: 1 | H15: =F15*G15 -> 1 | I15: =H15*E15 -> 2736000 | J15: 0.01196522 | K15: =I15-(I15*J15) -> 2703263.2 | L15: =2400000+(2400000*L10) -> 2736000
I16: =SUM(I11:I15) -> 35304600 | K16: =SUM(K11:K15) -> 20000000
A18: LOS 40 - VIDEO SECCIONES CON PRODUCT PLACEMENT + INTERACCIÓN - (Cliente entrega el producto)
A19: MARCA | B19: CIUDAD | C19: PRODUCTO | D19: VALORIZACION | E19: VALOR VEZ | F19: VECES DIA | G19: No DIAS | H19: TOTAL | I19: VALOR BTO | J19: DTO | K19: VALOR NETO | L19: 0.14 | M19: 0.1
A20: LOS40 | B20: NACIONAL | C20: IMPRESENTABLES | D20: SECCION ESPECIAL(RADIO) | E20: =M20 -> 6188600 | F20: 1 | G20: 1 | H20: =F20*G20 -> 1 | I20: =H20*E20 -> 6188600 | J20: 0.69798741 | K20: =I20-(I20*J20) -> 1869035.1 | M20: =5626000+(5626000*M19) -> 6188600
A21: LOS40 | B21: DIGITAL | C21: DIGITAL | D21: PRODUCCIÓN CAPSULA DE VIDEO | E21: =L21 -> 2280000 | F21: 1 | G21: 1 | H21: =F21*G21 -> 1 | I21: =H21*E21 -> 2280000 | J21: 0 | K21: =I21-(I21*J21) -> 2280000 | L21: =2000000+(2000000*L19) -> 2280000
A22: LOS40 | B22: DIGITAL | C22: DIGITAL | D22: REEL IG (PUBLICACIÓN) | E22: 9000000 | F22: 1 | G22: 1 | H22: =F22*G22 -> 1 | I22: =H22*E22 -> 9000000 | J22: 0.45 | K22: =I22-(I22*J22) -> 4950000 | L22: =7800000+(7800000*L19) -> 8892000
A23: LOS40 | B23: DIGITAL | C23: DIGITAL | D23: VIDEO TIK TOK (PUBLICACIÓN) | E23: 15100000 | F23: 1 | G23: 1 | H23: =F23*G23 -> 1 | I23: =H23*E23 -> 15100000 | J23: 0.45582781 | K23: =I23-(I23*J23) -> 8217000 | L23: =13200000+(13200000*L19) -> 15048000
A24: LOS40 | B24: DIGITAL | C24: DIGITAL | D24: PRODUCT PLACEMENT + INTERACCIÓN | E24: =L24 -> 5016000 | F24: 1 | G24: 1 | H24: =F24*G24 -> 1 | I24: =H24*E24 -> 5016000 | J24: 0.0063865805 | K24: =I24-(I24*J24) -> 4983964.9 | L24: =4400000+(4400000*L19) -> 5016000
I25: =SUM(I20:I24) -> 37584600 | K25: =SUM(K20:K24) -> 22300000
A27: LOS 40 - VIDEO SECCIONES PLUS
A28: MARCA | B28: CIUDAD | C28: PRODUCTO | D28: VALORIZACION | E28: VALOR VEZ | F28: VECES DIA | G28: No DIAS | H28: TOTAL | I28: VALOR BTO | J28: DTO | K28: VALOR NETO
A29: BÉSAME | B29: BOGOTÁ | C29: MORNING | D29: SECCION ESPECIAL (RADIO) | E29: 6188600 | F29: 1 | G29: 1 | H29: =F29*G29 -> 1 | I29: =H29*E29 -> 6188600 | J29: 0.8 | K29: =I29-(I29*J29) -> 1237720
A30: BÉSAME | B30: DIGITAL | C30: DIGITAL | D30: PRODUCCIÓN CAPSULA DE VIDEO | E30: 2280000 | F30: 1 | G30: 1 | H30: =F30*G30 -> 1 | I30: =H30*E30 -> 2280000 | J30: 0 | K30: =I30-(I30*J30) -> 2280000
A31: BÉSAME | B31: DIGITAL | C31: DIGITAL | D31: REEL IG (PUBLICACIÓN) | E31: 8892000 | F31: 1 | G31: 1 | H31: =F31*G31 -> 1 | I31: =H31*E31 -> 8892000 | J31: 0.35 | K31: =I31-(I31*J31) -> 5779800
A32: BÉSAME | B32: DIGITAL | C32: DIGITAL | D32: VIDEO TIK TOK (PUBLICACIÓN) | E32: 15048000 | F32: 1 | G32: 1 | H32: =F32*G32 -> 1 | I32: =H32*E32 -> 15048000 | J32: 0.35 | K32: =I32-(I32*J32) -> 9781200
A33: BÉSAME | B33: DIGITAL | C33: DIGITAL | D33: DESARROLLO SECCIÓN PLUS | E33: 8000000 | F33: 1 | G33: 1 | H33: =F33*G33 -> 1 | I33: =H33*E33 -> 8000000 | J33: 0.00984 | K33: =I33-(I33*J33) -> 7921280
I34: =SUM(I29:I33) -> 40408600 | K34: =SUM(K29:K33) -> 27000000
A36: RADIOACKTIVA - VIDEO SECCIONES EL GALLO
A37: MARCA | B37: CIUDAD | C37: PRODUCTO | D37: VALORIZACION | E37: VALOR VEZ | F37: VECES DIA | G37: No DIAS | H37: TOTAL | I37: VALOR BTO | J37: DTO | K37: VALOR NETO | L37: 0.14 | M37: 0.1
A38: RADIOACKTIVA | B38: NACIONAL | C38: MORNING | D38: SECCION ESPECIAL(RADIO) | E38: =M38 -> 6188600 | F38: 1 | G38: 1 | H38: =F38*G38 -> 1 | I38: =H38*E38 -> 6188600 | J38: 0.59947861 | K38: =I38-(I38*J38) -> 2478666.7 | M38: =5626000+(5626000*M37) -> 6188600
A39: RADIOACKTIVA | B39: DIGITAL | C39: DIGITAL | D39: PRODUCCIÓN CAPSULA DE VIDEO | E39: =L39 -> 2280000 | F39: 1 | G39: 1 | H39: =F39*G39 -> 1 | I39: =H39*E39 -> 2280000 | J39: 0 | K39: =I39-(I39*J39) -> 2280000 | L39: =2000000+(2000000*L37) -> 2280000
A40: RADIOACKTIVA | B40: DIGITAL | C40: DIGITAL | D40: REEL IG (PUBLICACIÓN) | E40: 2500000 | F40: 1 | G40: 1 | H40: =F40*G40 -> 1 | I40: =H40*E40 -> 2500000 | J40: 0.5 | K40: =I40-(I40*J40) -> 1250000 | L40: =2160000+(2160000*L37) -> 2462400
A41: RADIOACKTIVA | B41: DIGITAL | C41: DIGITAL | D41: VIDEO TIK TOK (PUBLICACIÓN) | E41: 7000000 | F41: 1 | G41: 1 | H41: =F41*G41 -> 1 | I41: =H41*E41 -> 7000000 | J41: 0.51552381 | K41: =I41-(I41*J41) -> 3391333.3 | L41: =6000000+(6000000*L37) -> 6840000
I42: =SUM(I38:I41) -> 17968600 | K42: =SUM(K38:K41) -> 9400000
A44: RADIOACKTIVA - VIDEO SECCIONES CON PRODUCT PLACEMENT SIN INTERACCIÓN - (Cliente entrega el producto)
A45: MARCA | B45: CIUDAD | C45: PRODUCTO | D45: VALORIZACION | E45: VALOR VEZ | F45: VECES DIA | G45: No DIAS | H45: TOTAL | I45: VALOR BTO | J45: DTO | K45: VALOR NETO | L45: 0.14 | M45: 0.1
A46: RADIOACKTIVA | B46: NACIONAL | C46: MORNING | D46: SECCION ESPECIAL(RADIO) | E46: =M46 -> 6188600 | F46: 1 | G46: 1 | H46: =F46*G46 -> 1 | I46: =H46*E46 -> 6188600 | J46: 0.59636026 | K46: =I46-(I46*J46) -> 2497964.9 | M46: =5626000+(5626000*M45) -> 6188600
A47: RADIOACKTIVA | B47: DIGITAL | C47: DIGITAL | D47: PRODUCCIÓN CAPSULA DE VIDEO | E47: =L47 -> 2280000 | F47: 1 | G47: 1 | H47: =F47*G47 -> 1 | I47: =H47*E47 -> 2280000 | J47: 0 | K47: =I47-(I47*J47) -> 2280000 | L47: =2000000+(2000000*L45) -> 2280000
A48: RADIOACKTIVA | B48: DIGITAL | C48: DIGITAL | D48: REEL IG (PUBLICACIÓN) | E48: 2500000 | F48: 1 | G48: 1 | H48: =F48*G48 -> 1 | I48: =H48*E48 -> 2500000 | J48: 0.5 | K48: =I48-(I48*J48) -> 1250000 | L48: =2160000+(2160000*L45) -> 2462400
A49: RADIOACKTIVA | B49: DIGITAL | C49: DIGITAL | D49: VIDEO TIK TOK (PUBLICACIÓN) | E49: 7000000 | F49: 1 | G49: 1 | H49: =F49*G49 -> 1 | I49: =H49*E49 -> 7000000 | J49: 0.51411429 | K49: =I49-(I49*J49) -> 3401200 | L49: =6000000+(6000000*L45) -> 6840000
A50: RADIOACKTIVA | B50: DIGITAL | C50: DIGITAL | D50: PRODUCT PLACEMENT SIN INTERACCIÓN | E50: =L50 -> 2280000 | F50: 1 | G50: 1 | H50: =F50*G50 -> 1 | I50: =H50*E50 -> 2280000 | J50: 0.0040196984 | K50: =I50-(I50*J50) -> 2270835.1 | L50: =2000000+(2000000*L45) -> 2280000
I51: =SUM(I46:I50) -> 20248600 | K51: =SUM(K46:K50) -> 11700000
A53: RADIOACKTIVA - VIDEO SECCIONES CON PRODUCT PLACEMENT + INTERACCIÓN - (Cliente entrega el producto)
A54: MARCA | B54: CIUDAD | C54: PRODUCTO | D54: VALORIZACION | E54: VALOR VEZ | F54: VECES DIA | G54: No DIAS | H54: TOTAL | I54: VALOR BTO | J54: DTO | K54: VALOR NETO | L54: 0.14 | M54: 0.1
A55: RADIOACKTIVA | B55: NACIONAL | C55: MORNING | D55: SECCION ESPECIAL(RADIO) | E55: =M55 -> 6188600 | F55: 1 | G55: 1 | H55: =F55*G55 -> 1 | I55: =H55*E55 -> 6188600 | J55: 0.6 | K55: =I55-(I55*J55) -> 2475440 | M55: =5626000+(5626000*M54) -> 6188600
A56: RADIOACKTIVA | B56: DIGITAL | C56: DIGITAL | D56: PRODUCCIÓN CAPSULA DE VIDEO | E56: =L56 -> 2280000 | F56: 1 | G56: 1 | H56: =F56*G56 -> 1 | I56: =H56*E56 -> 2280000 | J56: 0 | K56: =I56-(I56*J56) -> 2280000 | L56: =2000000+(2000000*L54) -> 2280000
A57: RADIOACKTIVA | B57: DIGITAL | C57: DIGITAL | D57: REEL IG (PUBLICACIÓN) | E57: 2500000 | F57: 1 | G57: 1 | H57: =F57*G57 -> 1 | I57: =H57*E57 -> 2500000 | J57: 0.5 | K57: =I57-(I57*J57) -> 1250000 | L57: =2160000+(2160000*L54) -> 2462400
A58: RADIOACKTIVA | B58: DIGITAL | C58: DIGITAL | D58: VIDEO TIK TOK (PUBLICACIÓN) | E58: 7000000 | F58: 1 | G58: 1 | H58: =F58*G58 -> 1 | I58: =H58*E58 -> 7000000 | J58: 0.51411429 | K58: =I58-(I58*J58) -> 3401200 | L58: =6000000+(6000000*L54) -> 6840000
A59: RADIOACKTIVA | B59: DIGITAL | C59: DIGITAL | D59: PRODUCT PLACEMENT + INTERACCIÓN | E59: =L59 -> 5016000 | F59: 1 | G59: 1 | H59: =F59*G59 -> 1 | I59: =H59*E59 -> 5016000 | J59: 0.0045135566 | K59: =I59-(I59*J59) -> 4993360 | L59: =4400000+(4400000*L54) -> 5016000
I60: =SUM(I55:I59) -> 22984600 | K60: =SUM(K55:K59) -> 14400000
A62: RADIOACKTIVA - VIDEO SECCIONES PLUS
A63: MARCA | B63: CIUDAD | C63: PRODUCTO | D63: VALORIZACION | E63: VALOR VEZ | F63: VECES DIA | G63: No DIAS | H63: TOTAL | I63: VALOR BTO | J63: DTO | K63: VALOR NETO
A64: BÉSAME | B64: BOGOTÁ | C64: MORNING | D64: SECCION ESPECIAL (RADIO) | E64: 6188600 | F64: 1 | G64: 1 | H64: =F64*G64 -> 1 | I64: =H64*E64 -> 6188600 | J64: 0.8 | K64: =I64-(I64*J64) -> 1237720
A65: BÉSAME | B65: DIGITAL | C65: DIGITAL | D65: PRODUCCIÓN CAPSULA DE VIDEO | E65: 2280000 | F65: 1 | G65: 1 | H65: =F65*G65 -> 1 | I65: =H65*E65 -> 2280000 | J65: 0 | K65: =I65-(I65*J65) -> 2280000
A66: BÉSAME | B66: DIGITAL | C66: DIGITAL | D66: REEL IG (PUBLICACIÓN) | E66: 2462400 | F66: 1 | G66: 1 | H66: =F66*G66 -> 1 | I66: =H66*E66 -> 2462400 | J66: 0.35 | K66: =I66-(I66*J66) -> 1600560
A67: BÉSAME | B67: DIGITAL | C67: DIGITAL | D67: VIDEO TIK TOK (PUBLICACIÓN) | E67: 6840000 | F67: 1 | G67: 1 | H67: =F67*G67 -> 1 | I67: =H67*E67 -> 6840000 | J67: 0.35 | K67: =I67-(I67*J67) -> 4446000
A68: BÉSAME | B68: DIGITAL | C68: DIGITAL | D68: DESARROLLO SECCIÓN PLUS | E68: 8000000 | F68: 1 | G68: 1 | H68: =F68*G68 -> 1 | I68: =H68*E68 -> 8000000 | J68: 0.008035 | K68: =I68-(I68*J68) -> 7935720
I69: =SUM(I64:I68) -> 25771000 | K69: =SUM(K64:K68) -> 17500000
A70: RADIOACKTIVA - LOCAL - VIDEO SECCIÓN
A71: MARCA | B71: CIUDAD | C71: PRODUCTO | D71: VALORIZACION | E71: VALOR VEZ | F71: VECES DIA | G71: No DIAS | H71: TOTAL | I71: VALOR BTO | J71: DTO | K71: VALOR NETO | L71: 0.14 | M71: 0.1
A72: RADIOACKTIVA | B72: LOCAL | C72: RADIO | D72: SECCION ESPECIAL(RADIO) | E72: 1000000 | F72: 1 | G72: 1 | H72: 1 | I72: =E72*H72 -> 1000000 | J72: 0.9 | K72: =I72-(I72*J72) -> 100000 | M72: =4953000+(4953000*M71) -> 5448300
A73: RADIOACKTIVA | B73: DIGITAL | C73: DIGITAL | D73: PRODUCCIÓN CAPSULA DE VIDEO | E73: 1000000 | F73: 1 | G73: 1 | H73: 1 | I73: =E73*H73 -> 1000000 | J73: 0.46 | K73: =I73-(I73*J73) -> 540000 | L73: =2000000+(2000000*L71) -> 2280000
A74: RADIOACKTIVA | B74: DIGITAL | C74: DIGITAL | D74: REEL IG LOCAL | E74: 900000 | F74: 1 | G74: 1 | H74: 1 | I74: =E74*H74 -> 900000 | J74: 0.8 | K74: =I74-(I74*J74) -> 180000 | L74: =2160000+(2160000*L71) -> 2462400
A75: RADIOACKTIVA | B75: DIGITAL | C75: DIGITAL | D75: REEL TIKTOK LOCAL | E75: 900000 | F75: 1 | G75: 1 | H75: 1 | I75: =E75*H75 -> 900000 | J75: 0.8 | K75: =I75-(I75*J75) -> 180000 | L75: =6500000+(6500000*L71) -> 7410000
I76: =SUM(I72:I75) -> 3800000 | K76: =SUM(K72:K75) -> 1000000
A78: RADIOACKTIVA - LOCAL - VIDEO SECCIÓN CON PRODUCT PLACEMENT
A79: MARCA | B79: CIUDAD | C79: PRODUCTO | D79: VALORIZACION | E79: VALOR VEZ | F79: VECES DIA | G79: No DIAS | H79: TOTAL | I79: VALOR BTO | J79: DTO | K79: VALOR NETO | L79: 0.14 | M79: 0.1
A80: RADIOACKTIVA | B80: LOCAL | C80: RADIO | D80: SECCION ESPECIAL(RADIO) | E80: 1000000 | F80: 1 | G80: 1 | H80: 1 | I80: =E80*H80 -> 1000000 | J80: 0.9 | K80: =I80-(I80*J80) -> 100000 | M80: =4953000+(4953000*M79) -> 5448300
A81: RADIOACKTIVA | B81: DIGITAL | C81: DIGITAL | D81: PRODUCCIÓN CAPSULA DE VIDEO | E81: 1000000 | F81: 1 | G81: 1 | H81: 1 | I81: =E81*H81 -> 1000000 | J81: 0.6 | K81: =I81-(I81*J81) -> 400000 | L81: =2000000+(2000000*L79) -> 2280000
A82: RADIOACKTIVA | B82: DIGITAL | C82: DIGITAL | D82: REEL IG LOCAL | E82: 900000 | F82: 1 | G82: 1 | H82: 1 | I82: =E82*H82 -> 900000 | J82: 0.8 | K82: =I82-(I82*J82) -> 180000 | L82: =2160000+(2160000*L79) -> 2462400
A83: RADIOACKTIVA | B83: DIGITAL | C83: DIGITAL | D83: REEL TIKTOK LOCAL | E83: 900000 | F83: 1 | G83: 1 | H83: 1 | I83: =E83*H83 -> 900000 | J83: 0.8 | K83: =I83-(I83*J83) -> 180000 | L83: =6500000+(6500000*L79) -> 7410000
A84: RADIOACKTIVA | B84: DIGITAL | C84: DIGITAL | D84: PRODUCT PLACEMENT + INTERACCIÓN | E84: 1000000 | F84: 1 | G84: 1 | H84: 1 | I84: =E84*H84 -> 1000000 | J84: 0.56 | K84: =I84-(I84*J84) -> 440000 | L84: =4400000+(4400000*L79) -> 5016000
I85: =SUM(I80:I84) -> 4800000 | K85: =SUM(K80:K84) -> 1300000
A87: TROPICANA - VIDEO SECCIONES
A88: EMISORA | B88: CIUDAD | C88: PRODUCTO | D88: VALORIZACION | E88: VALOR VEZ | F88: VECES DIA | G88: No DIAS | H88: TOTAL | I88: VALOR BTO | J88: DTO | K88: VALOR NETO | L88: 0.14 | M88: 0.1
A89: TROPICANA | B89: BOGOTA | C89: COMO AMANECIO | D89: SECCION ESPECIAL(RADIO) | E89: =M89 -> 4140400 | F89: 1 | G89: 1 | H89: =F89*G89 -> 1 | I89: =H89*E89 -> 4140400 | J89: 0.7 | K89: =I89-(I89*J89) -> 1242120 | M89: =3764000+(3764000*M88) -> 4140400
A90: TROPICANA | B90: DIGITAL | C90: DIGITAL | D90: PRODUCCIÓN CAPSULA DE VIDEO | E90: =L90 -> 2280000 | F90: 1 | G90: 1 | H90: =F90*G90 -> 1 | I90: =H90*E90 -> 2280000 | J90: 0 | K90: =I90-(I90*J90) -> 2280000 | L90: =2000000+(2000000*L88) -> 2280000
A91: TROPICANA | B91: DIGITAL | C91: DIGITAL | D91: REEL IG (PUBLICACIÓN) | E91: 2500000 | F91: 1 | G91: 1 | H91: =F91*G91 -> 1 | I91: =H91*E91 -> 2500000 | J91: 0.4 | K91: =I91-(I91*J91) -> 1500000 | L91: =2160000+(2160000*L88) -> 2462400
A92: TROPICANA | B92: DIGITAL | C92: DIGITAL | D92: VIDEO TIK TOK (PUBLICACIÓN) | E92: 7400000 | F92: 1 | G92: 1 | H92: =F92*G92 -> 1 | I92: =H92*E92 -> 7400000 | J92: 0.39488108 | K92: =I92-(I92*J92) -> 4477880 | L92: =6500000+(6500000*L88) -> 7410000
I93: =SUM(I89:I92) -> 16320400 | K93: =SUM(K89:K92) -> 9500000
A95: TROPICANA - BOGOTÁ - VIDEO SECCIONES CON PRODUCT PLACEMENT SIN INTERACCIÓN - (Cliente entrega el producto)
A96: EMISORA | B96: CIUDAD | C96: PRODUCTO | D96: VALORIZACION | E96: VALOR VEZ | F96: VECES DIA | G96: No DIAS | H96: TOTAL | I96: VALOR BTO | J96: DTO | K96: VALOR NETO | L96: 0.14 | M96: 0.1
A97: TROPICANA | B97: BOGOTA | C97: COMO AMANECIO | D97: SECCION ESPECIAL(RADIO) | E97: =M97 -> 5448300 | F97: 1 | G97: 1 | H97: =F97*G97 -> 1 | I97: =H97*E97 -> 5448300 | J97: 0.70703915 | K97: =I97-(I97*J97) -> 1596138.6 | M97: =4953000+(4953000*M96) -> 5448300
A98: TROPICANA | B98: DIGITAL | C98: DIGITAL | D98: PRODUCCIÓN CAPSULA DE VIDEO | E98: =L98 -> 2280000 | F98: 1 | G98: 1 | H98: =F98*G98 -> 1 | I98: =H98*E98 -> 2280000 | J98: 0 | K98: =I98-(I98*J98) -> 2280000 | L98: =2000000+(2000000*L96) -> 2280000
A99: TROPICANA | B99: DIGITAL | C99: DIGITAL | D99: REEL IG (PUBLICACIÓN) | E99: 2500000 | F99: 1 | G99: 1 | H99: =F99*G99 -> 1 | I99: =H99*E99 -> 2500000 | J99: 0.45 | K99: =I99-(I99*J99) -> 1375000 | L99: =2160000+(2160000*L96) -> 2462400
A100: TROPICANA | B100: DIGITAL | C100: DIGITAL | D100: VIDEO TIK TOK (PUBLICACIÓN) | E100: 7400000 | F100: 1 | G100: 1 | H100: =F100*G100 -> 1 | I100: =H100*E100 -> 7400000 | J100: 0.45205135 | K100: =I100-(I100*J100) -> 4054820 | L100: =6500000+(6500000*L96) -> 7410000
A101: TROPICANA | B101: DIGITAL | C101: DIGITAL | D101: PRODUCT PLACEMENT SIN INTERACCIÓN | E101: =L101 -> 2736000 | F101: 1 | G101: 1 | H101: =F101*G101 -> 1 | I101: =H101*E101 -> 2736000 | J101: 0.015335744 | K101: =I101-(I101*J101) -> 2694041.4 | L101: =2400000+(2400000*L96) -> 2736000
I102: =SUM(I97:I101) -> 20364300 | K102: =SUM(K97:K101) -> 12000000
A104: TROPICANA - BOGOTÁ - VIDEO SECCIONES CON PRODUCT PLACEMENT + INTERACCIÓN - (Cliente entrega el producto)
A105: MARCA | B105: CIUDAD | C105: PRODUCTO | D105: VALORIZACION | E105: VALOR VEZ | F105: VECES DIA | G105: No DIAS | H105: TOTAL | I105: VALOR BTO | J105: DTO | K105: VALOR NETO | L105: 0.14 | M105: 0.1
A106: TROPICANA | B106: BOGOTA | C106: COMO AMANECIO | D106: SECCION ESPECIAL(RADIO) | E106: =M106 -> 5448300 | F106: 1 | G106: 1 | H106: 1 | I106: =E106*H106 -> 5448300 | J106: 0.7 | K106: =I106-(I106*J106) -> 1634490 | M106: =4953000+(4953000*M105) -> 5448300
A107: TROPICANA | B107: DIGITAL | C107: DIGITAL | D107: PRODUCCIÓN CAPSULA DE VIDEO | E107: =L107 -> 2280000 | F107: 1 | G107: 1 | H107: 1 | I107: =E107*H107 -> 2280000 | J107: 0 | K107: =I107-(I107*J107) -> 2280000 | L107: =2000000+(2000000*L105) -> 2280000
A108: TROPICANA | B108: DIGITAL | C108: DIGITAL | D108: REEL IG (PUBLICACIÓN) | E108: 2500000 | F108: 1 | G108: 1 | H108: 1 | I108: =E108*H108 -> 2500000 | J108: 0.45 | K108: =I108-(I108*J108) -> 1375000 | L108: =2160000+(2160000*L105) -> 2462400
A109: TROPICANA | B109: DIGITAL | C109: DIGITAL | D109: VIDEO TIK TOK (PUBLICACIÓN) | E109: 7400000 | F109: 1 | G109: 1 | H109: 1 | I109: =E109*H109 -> 7400000 | J109: 0.45205135 | K109: =I109-(I109*J109) -> 4054820 | L109: =6500000+(6500000*L105) -> 7410000
A110: TROPICANA | B110: DIGITAL | C110: DIGITAL | D110: PRODUCT PLACEMENT + INTERACCIÓN | E110: =L110 -> 5016000 | F110: 1 | G110: 1 | H110: 1 | I110: =E110*H110 -> 5016000 | J110: 0.012023525 | K110: =I110-(I110*J110) -> 4955690 | L110: =4400000+(4400000*L105) -> 5016000
I111: =SUM(I106:I110) -> 22644300 | K111: =SUM(K106:K110) -> 14300000
...

Sheet Video Franquicia
B3: PROBANDO PROBANDO CARACOL VIDEO CORTO
B4: MARCA | C4: PRODUCTO | D4: VALORIZACION | E4: VALOR VEZ | F4: VECES DIA | G4: No DIAS | H4: TOTAL | I4: VALOR BTO | J4: DTO | K4: VALOR NETO
B5: CARACOL | C5: RADIO | D5: DOS PUNTOS | E5: 6000000 | F5: 3 | G5: 1 | H5: =F5*G5 -> 3 | I5: =H5*E5 -> 18000000 | J5: 0.78 | K5: =I5-(I5*J5) -> 3960000
B6: CARACOL | C6: RADIO | D6: LUCIÉRNAGA | E6: 10300000 | F6: 3 | G6: 1 | H6: =F6*G6 -> 3 | I6: =H6*E6 -> 30900000 | J6: 0.78 | K6: =I6-(I6*J6) -> 6798000
B7: CARACOL | C7: RADIO | D7: A VIVIR FDS | E7: 3280000 | F7: 3 | G7: 1 | H7: =F7*G7 -> 3 | I7: =H7*E7 -> 9840000 | J7: 0.78 | K7: =I7-(I7*J7) -> 2164800
B8: CARACOL | C8: DIGITAL | D8: PRODUCCIÓN CAPSULA DE VIDEO | E8: 8000000 | F8: 1 | G8: 1 | H8: =F8*G8 -> 1 | I8: =H8*E8 -> 8000000 | J8: 0.09035 | K8: =I8-(I8*J8) -> 7277200
B9: CARACOL | C9: DIGITAL | D9: REEL IG (PUBLICACIÓN) | E9: 4000000 | F9: 1 | G9: 1 | H9: =F9*G9 -> 1 | I9: =H9*E9 -> 4000000 | J9: 0.4 | K9: =I9-(I9*J9) -> 2400000
B10: CARACOL | C10: DIGITAL | D10: VIDEO TIK TOK (PUBLICACIÓN) | E10: 4000000 | F10: 1 | G10: 1 | H10: =F10*G10 -> 1 | I10: =H10*E10 -> 4000000 | J10: 0.4 | K10: =I10-(I10*J10) -> 2400000
I11: =SUM(I5:I10) -> 74740000 | K11: =SUM(K5:K10) -> 25000000
B14: ENTENDENCIA CARACOL VIDEO CORTO
B15: MARCA | C15: PRODUCTO | D15: VALORIZACION | E15: VALOR VEZ | F15: VECES DIA | G15: No DIAS | H15: TOTAL | I15: VALOR BTO | J15: DTO | K15: VALOR NETO
B16: CARACOL | C16: RADIO | D16: DOS PUNTOS | E16: 6000000 | F16: 3 | G16: 1 | H16: =F16*G16 -> 3 | I16: =H16*E16 -> 18000000 | J16: 0.78 | K16: =I16-(I16*J16) -> 3960000
B17: CARACOL | C17: RADIO | D17: LUCIÉRNAGA | E17: 10300000 | F17: 3 | G17: 1 | H17: =F17*G17 -> 3 | I17: =H17*E17 -> 30900000 | J17: 0.78 | K17: =I17-(I17*J17) -> 6798000
B18: CARACOL | C18: RADIO | D18: A VIVIR FDS | E18: 3280000 | F18: 3 | G18: 1 | H18: =F18*G18 -> 3 | I18: =H18*E18 -> 9840000 | J18: 0.78 | K18: =I18-(I18*J18) -> 2164800
B19: CARACOL | C19: DIGITAL | D19: PRODUCCIÓN CAPSULA DE VIDEO | E19: 8000000 | F19: 1 | G19: 1 | H19: =F19*G19 -> 1 | I19: =H19*E19 -> 8000000 | J19: 0.09035 | K19: =I19-(I19*J19) -> 7277200
B20: CARACOL | C20: DIGITAL | D20: REEL IG (PUBLICACIÓN) | E20: 4000000 | F20: 1 | G20: 1 | H20: =F20*G20 -> 1 | I20: =H20*E20 -> 4000000 | J20: 0.4 | K20: =I20-(I20*J20) -> 2400000
B21: CARACOL | C21: DIGITAL | D21: VIDEO TIK TOK (PUBLICACIÓN) | E21: 4000000 | F21: 1 | G21: 1 | H21: =F21*G21 -> 1 | I21: =H21*E21 -> 4000000 | J21: 0.4 | K21: =I21-(I21*J21) -> 2400000
I22: =SUM(I16:I21) -> 74740000 | K22: =SUM(K16:K21) -> 25000000
B25: TECNOLOGÍA CARACOL VIDEO CORTO
B26: MARCA | C26: PRODUCTO | D26: VALORIZACION | E26: VALOR VEZ | F26: VECES DIA | G26: No DIAS | H26: TOTAL | I26: VALOR BTO | J26: DTO | K26: VALOR NETO
B27: CARACOL | C27: RADIO | D27: DOS PUNTOS | E27: 6000000 | F27: 3 | G27: 1 | H27: =F27*G27 -> 3 | I27: =H27*E27 -> 18000000 | J27: 0.78 | K27: =I27-(I27*J27) -> 3960000
B28: CARACOL | C28: RADIO | D28: LUCIÉRNAGA | E28: 10300000 | F28: 3 | G28: 1 | H28: =F28*G28 -> 3 | I28: =H28*E28 -> 30900000 | J28: 0.78 | K28: =I28-(I28*J28) -> 6798000
B29: CARACOL | C29: RADIO | D29: A VIVIR FDS | E29: 3280000 | F29: 3 | G29: 1 | H29: =F29*G29 -> 3 | I29: =H29*E29 -> 9840000 | J29: 0.78 | K29: =I29-(I29*J29) -> 2164800
B30: CARACOL | C30: DIGITAL | D30: PRODUCCIÓN CAPSULA DE VIDEO | E30: 8000000 | F30: 1 | G30: 1 | H30: =F30*G30 -> 1 | I30: =H30*E30 -> 8000000 | J30: 0.09035 | K30: =I30-(I30*J30) -> 7277200
B31: CARACOL | C31: DIGITAL | D31: REEL IG (PUBLICACIÓN) | E31: 4000000 | F31: 1 | G31: 1 | H31: =F31*G31 -> 1 | I31: =H31*E31 -> 4000000 | J31: 0.4 | K31: =I31-(I31*J31) -> 2400000
B32: CARACOL | C32: DIGITAL | D32: VIDEO TIK TOK (PUBLICACIÓN) | E32: 4000000 | F32: 1 | G32: 1 | H32: =F32*G32 -> 1 | I32: =H32*E32 -> 4000000 | J32: 0.4 | K32: =I32-(I32*J32) -> 2400000
I33: =SUM(I27:I32) -> 74740000 | K33: =SUM(K27:K32) -> 25000000
B36: CHECK IN CARACOL VIDEO CORTO
B37: MARCA | C37: PRODUCTO | D37: VALORIZACION | E37: VALOR VEZ | F37: VECES DIA | G37: No DIAS | H37: TOTAL | I37: VALOR BTO | J37: DTO | K37: VALOR NETO
B38: CARACOL | C38: RADIO | D38: DOS PUNTOS | E38: 6000000 | F38: 3 | G38: 1 | H38: =F38*G38 -> 3 | I38: =H38*E38 -> 18000000 | J38: 0.78 | K38: =I38-(I38*J38) -> 3960000
B39: CARACOL | C39: RADIO | D39: LUCIÉRNAGA | E39: 10300000 | F39: 3 | G39: 1 | H39: =F39*G39 -> 3 | I39: =H39*E39 -> 30900000 | J39: 0.78 | K39: =I39-(I39*J39) -> 6798000
B40: CARACOL | C40: RADIO | D40: A VIVIR FDS | E40: 3280000 | F40: 3 | G40: 1 | H40: =F40*G40 -> 3 | I40: =H40*E40 -> 9840000 | J40: 0.78 | K40: =I40-(I40*J40) -> 2164800
B41: CARACOL | C41: DIGITAL | D41: PRODUCCIÓN CAPSULA DE VIDEO | E41: 8000000 | F41: 1 | G41: 1 | H41: =F41*G41 -> 1 | I41: =H41*E41 -> 8000000 | J41: 0.09035 | K41: =I41-(I41*J41) -> 7277200
B42: CARACOL | C42: DIGITAL | D42: REEL IG (PUBLICACIÓN) | E42: 4000000 | F42: 1 | G42: 1 | H42: =F42*G42 -> 1 | I42: =H42*E42 -> 4000000 | J42: 0.4 | K42: =I42-(I42*J42) -> 2400000
B43: CARACOL | C43: DIGITAL | D43: VIDEO TIK TOK (PUBLICACIÓN) | E43: 4000000 | F43: 1 | G43: 1 | H43: =F43*G43 -> 1 | I43: =H43*E43 -> 4000000 | J43: 0.4 | K43: =I43-(I43*J43) -> 2400000
I44: =SUM(I38:I43) -> 74740000 | K44: =SUM(K38:K43) -> 25000000
B46: EN TERRITORIO / YO SÉ QUIÉN SABE LO QUE UD NO SABE… CON VINO CARACOL VIDEO LARGO / /La hemeroteca / El Reportero Caracol / Preguntas cultura General
B47: MARCA | C47: PRODUCTO | D47: VALORIZACION | E47: VALOR VEZ | F47: VECES DIA | G47: No DIAS | H47: TOTAL | I47: VALOR BTO | J47: DTO | K47: VALOR NETO
B48: CARACOL | C48: RADIO | D48: DOS PUNTOS | E48: 6000000 | F48: 0 | G48: 1 | H48: =F48*G48 -> 0 | I48: =H48*E48 -> 0 | J48: 0.78 | K48: =I48-(I48*J48) -> 0
B49: CARACOL | C49: RADIO | D49: LUCIÉRNAGA | E49: 10300000 | F49: 0 | G49: 1 | H49: =F49*G49 -> 0 | I49: =H49*E49 -> 0 | J49: 0.78 | K49: =I49-(I49*J49) -> 0
B50: CARACOL | C50: RADIO | D50: A VIVIR FDS | E50: 3280000 | F50: 0 | G50: 1 | H50: =F50*G50 -> 0 | I50: =H50*E50 -> 0 | J50: 0.78 | K50: =I50-(I50*J50) -> 0
B51: CARACOL | C51: DIGITAL | D51: PRODUCCIÓN CAPSULA DE VIDEO | E51: 10000000 | F51: 1 | G51: 1 | H51: =F51*G51 -> 1 | I51: =H51*E51 -> 10000000 | J51: 0.12 | K51: =I51-(I51*J51) -> 8800000
B52: CARACOL | C52: DIGITAL | D52: REEL IG (PUBLICACIÓN) | E52: 4000000 | F52: 1 | G52: 1 | H52: =F52*G52 -> 1 | I52: =H52*E52 -> 4000000 | J52: 0.6 | K52: =I52-(I52*J52) -> 1600000
B53: CARACOL | C53: DIGITAL | D53: VIDEO TIK TOK (PUBLICACIÓN) | E53: 4000000 | F53: 1 | G53: 1 | H53: =F53*G53 -> 1 | I53: =H53*E53 -> 4000000 | J53: 0.6 | K53: =I53-(I53*J53) -> 1600000
I54: =SUM(I48:I53) -> 18000000 | K54: =SUM(K48:K53) -> 12000000
B56: PARODIAS LA LUCIÉRNAGA / EL SERMÓN DE FRAILE / EL RADAR DE VILLAR / SE LO EXPLICO CON DATOS / DOBLE CLIC CARACOL VIDEO CORTO
B57: MARCA | C57: PRODUCTO | D57: VALORIZACION | E57: VALOR VEZ | F57: VECES DIA | G57: No DIAS | H57: TOTAL | I57: VALOR BTO | J57: DTO | K57: VALOR NETO
B58: CARACOL | C58: RADIO | D58: DOS PUNTOS | E58: 6000000 | F58: 0 | G58: 1 | H58: =F58*G58 -> 0 | I58: =H58*E58 -> 0 | J58: 0.78 | K58: =I58-(I58*J58) -> 0
B59: CARACOL | C59: RADIO | D59: LUCIÉRNAGA | E59: 10300000 | F59: 0 | G59: 1 | H59: =F59*G59 -> 0 | I59: =H59*E59 -> 0 | J59: 0.78 | K59: =I59-(I59*J59) -> 0
B60: CARACOL | C60: RADIO | D60: A VIVIR FDS | E60: 3280000 | F60: 0 | G60: 1 | H60: =F60*G60 -> 0 | I60: =H60*E60 -> 0 | J60: 0.78 | K60: =I60-(I60*J60) -> 0
B61: CARACOL | C61: DIGITAL | D61: PRODUCCIÓN CAPSULA DE VIDEO | E61: 8000000 | F61: 1 | G61: 1 | H61: =F61*G61 -> 1 | I61: =H61*E61 -> 8000000 | J61: 0.125 | K61: =I61-(I61*J61) -> 7000000
B62: CARACOL | C62: DIGITAL | D62: REEL IG (PUBLICACIÓN) | E62: 4000000 | F62: 1 | G62: 1 | H62: =F62*G62 -> 1 | I62: =H62*E62 -> 4000000 | J62: 0.5 | K62: =I62-(I62*J62) -> 2000000
B63: CARACOL | C63: DIGITAL | D63: VIDEO TIK TOK (PUBLICACIÓN) | E63: 4000000 | F63: 1 | G63: 1 | H63: =F63*G63 -> 1 | I63: =H63*E63 -> 4000000 | J63: 0.5 | K63: =I63-(I63*J63) -> 2000000
I64: =SUM(I58:I63) -> 16000000 | K64: =SUM(K58:K63) -> 11000000
B67: PLAZA ALVIRA CARACOL
B68: MARCA | C68: PRODUCTO | D68: VALORIZACION | E68: VALOR VEZ | F68: VECES DIA | G68: No DIAS | H68: TOTAL | I68: VALOR BTO | J68: DTO | K68: VALOR NETO
B69: CARACOL | C69: RADIO | D69: DOS PUNTOS | E69: 6000000 | F69: 3 | G69: 1 | H69: =F69*G69 -> 3 | I69: =H69*E69 -> 18000000 | J69: 0.78 | K69: =I69-(I69*J69) -> 3960000
B70: CARACOL | C70: RADIO | D70: LUCIÉRNAGA | E70: 10300000 | F70: 3 | G70: 1 | H70: =F70*G70 -> 3 | I70: =H70*E70 -> 30900000 | J70: 0.78 | K70: =I70-(I70*J70) -> 6798000
B71: CARACOL | C71: RADIO | D71: A VIVIR FDS | E71: 3280000 | F71: 3 | G71: 1 | H71: =F71*G71 -> 3 | I71: =H71*E71 -> 9840000 | J71: 0.77 | K71: =I71-(I71*J71) -> 2263200
B72: CARACOL | C72: RADIO | D72: NOTICIERO MEDIO DÍA | E72: 6000000 | F72: 3 | G72: 1 | H72: =F72*G72 -> 3 | I72: =H72*E72 -> 18000000 | J72: 0.78 | K72: =I72-(I72*J72) -> 3960000
B73: CARACOL | C73: DIGITAL | D73: PRODUCCIÓN CAPSULA DE VIDEO | E73: 26500000 | F73: 1 | G73: 1 | H73: =F73*G73 -> 1 | I73: =H73*E73 -> 26500000 | J73: 0.12381887 | K73: =I73-(I73*J73) -> 23218800
B74: CARACOL | C74: DIGITAL | D74: REEL IG (PUBLICACIÓN) | E74: 4000000 | F74: 1 | G74: 1 | H74: =F74*G74 -> 1 | I74: =H74*E74 -> 4000000 | J74: 0.4 | K74: =I74-(I74*J74) -> 2400000
B75: CARACOL | C75: DIGITAL | D75: VIDEO TIK TOK (PUBLICACIÓN) | E75: 4000000 | F75: 1 | G75: 1 | H75: =F75*G75 -> 1 | I75: =H75*E75 -> 4000000 | J75: 0.4 | K75: =I75-(I75*J75) -> 2400000
I76: =SUM(I69:I75) -> 111240000 | K76: =SUM(K69:K75) -> 45000000
B79: TEAM HATER LOS 40 / Maldito Milenial / Suplentes del Gol
B80: MARCA | C80: PRODUCTO | D80: VALORIZACION | E80: VALOR VEZ | F80: VECES DIA | G80: No DIAS | H80: TOTAL | I80: VALOR BTO | J80: DTO | K80: VALOR NETO
B81: LOS 40 | C81: RADIO | D81: PROGRAMACIÓN MUSICAL | E81: =1224000/2 -> 612000 | F81: 15 | G81: 1 | H81: =F81*G81 -> 15 | I81: =H81*E81 -> 9180000 | J81: 0.9 | K81: =I81-(I81*J81) -> 918000
B82: LOS 40 | C82: DIGITAL | D82: PRODUCCIÓN CAPSULA DE VIDEO | E82: 4000000 | F82: 1 | G82: 1 | H82: =F82*G82 -> 1 | I82: =H82*E82 -> 4000000 | J82: 0.5 | K82: =I82-(I82*J82) -> 2000000
B83: LOS 40 | C83: DIGITAL | D83: REEL IG (PUBLICACIÓN) | E83: 9000000 | F83: 1 | G83: 1 | H83: =F83*G83 -> 1 | I83: =H83*E83 -> 9000000 | J83: 0.49644444 | K83: =I83-(I83*J83) -> 4532000
B84: LOS 40 | C84: DIGITAL | D84: VIDEO TIK TOK (PUBLICACIÓN) | E84: 15100000 | F84: 1 | G84: 1 | H84: =F84*G84 -> 1 | I84: =H84*E84 -> 15100000 | J84: 0.5 | K84: =I84-(I84*J84) -> 7550000
I85: =SUM(I81:I84) -> 37280000 | K85: =SUM(K81:K84) -> 15000000
B87: + de 40
B88: MARCA | C88: PRODUCTO | D88: VALORIZACION | E88: VALOR VEZ | F88: VECES DIA | G88: No DIAS | H88: TOTAL | I88: VALOR BTO | J88: DTO | K88: VALOR NETO
B89: LOS 40 | C89: RADIO | D89: PROGRAMACIÓN MUSICAL | E89: =1224000/2 -> 612000 | F89: 15 | G89: 1 | H89: =F89*G89 -> 15 | I89: =H89*E89 -> 9180000 | J89: 0.9 | K89: =I89-(I89*J89) -> 918000
B90: LOS 40 | C90: DIGITAL | D90: MENCIÓN | E90: 5016000 | F90: 1 | G90: 1 | H90: 1 | I90: =H90*E90 -> 5016000 | J90: 0.0031897927 | K90: =I90-(I90*J90) -> 5000000
B91: LOS 40 | C91: DIGITAL | D91: PRODUCCIÓN CAPSULA DE VIDEO | E91: 4000000 | F91: 1 | G91: 1 | H91: =F91*G91 -> 1 | I91: =H91*E91 -> 4000000 | J91: 0.5 | K91: =I91-(I91*J91) -> 2000000
B92: LOS 40 | C92: DIGITAL | D92: REEL IG (PUBLICACIÓN) | E92: 9000000 | F92: 1 | G92: 1 | H92: =F92*G92 -> 1 | I92: =H92*E92 -> 9000000 | J92: 0.49644444 | K92: =I92-(I92*J92) -> 4532000
B93: LOS 40 | C93: DIGITAL | D93: VIDEO TIK TOK (PUBLICACIÓN) | E93: 15100000 | F93: 1 | G93: 1 | H93: =F93*G93 -> 1 | I93: =H93*E93 -> 15100000 | J93: 0.5 | K93: =I93-(I93*J93) -> 7550000
I94: =SUM(I89:I93) -> 42296000 | K94: =SUM(K89:K93) -> 20000000
B97: PICA EL PICO (VALOR 1 CAPITULO)
B98: MARCA | C98: CIUDAD | D98: PRODUCTO | E98: VALORIZACION | F98: VALOR VEZ | G98: VECES DIA | H98: No DIAS | I98: TOTAL | J98: VALOR BTO | K98: DTO | L98: VALOR NETO
B99: RADIOACKTIVA | C99: BOGOTA | D99: EL GALLO | E99: SECCION RADIO | F99: 2540000 | G99: 1 | H99: 5 | I99: 5 | J99: 12700000 | K99: 0.85 | L99: 1905000
B100: RADIOACKTIVA | C100: BOGOTA | D100: EL GALLO | E100: CUÑA | F100: 1110000 | G100: 4 | H100: 9 | I100: 36 | J100: 39960000 | K100: 0.85 | L100: 5994000
B101: RADIOACKTIVA | C101: BOGOTA | D101: MUSICAL | E101: PROMO | F101: 555000 | G101: 6 | H101: 9 | I101: 54 | J101: 29970000 | K101: 0.85 | L101: 4495500
B102: RADIOACKTIVA | C102: BOGOTA | D102: PICA EL PICO | E102: PRODUCT PLACEMENT | F102: 5016000 | G102: 1 | H102: 1 | I102: 1 | J102: 5016000 | K102: 0.2 | L102: 4012800
B103: RADIOACKTIVA | C103: BOGOTA | D103: PICA EL PICO | E103: PRESENTACIÓN Y DESPEDIDA | F103: 1440000 | G103: 1 | H103: 1 | I103: 1 | J103: 1440000 | K103: 0 | L103: 1440000
B104: RADIOACKTIVA | C104: BOGOTA | D104: PICA EL PICO | E104: SECCIÓN PRIME | F104: 1440000 | G104: 3 | H104: 1 | I104: 3 | J104: 4320000 | K104: 0 | L104: 4320000
J105: =SUM(J99:J104) -> 93406000 | L105: 22167300
B113: HISTORIA DE CACHOS BÉSAME
B114: MARCA | C114: PRODUCTO | D114: VALORIZACION | E114: VALOR VEZ | F114: VECES DIA | G114: No DIAS | H114: TOTAL | I114: VALOR BTO | J114: DTO | K114: VALOR NETO
B115: BÉSAME | C115: RADIO | D115: PROGRAMACIÓN MUSICAL | E115: =2181750/2 -> 1090875 | F115: 15 | G115: 1 | H115: =F115*G115 -> 15 | I115: =H115*E115 -> 16363125 | J115: 0.9 | K115: =I115-(I115*J115) -> 1636312.5
B116: BÉSAME | C116: DIGITAL | D116: PRODUCCIÓN CAPSULA DE VIDEO | E116: 5000000 | F116: 1 | G116: 1 | H116: =F116*G116 -> 1 | I116: =H116*E116 -> 5000000 | J116: 0.0472625 | K116: =I116-(I116*J116) -> 4763687.5
B117: BÉSAME | C117: DIGITAL | D117: REEL IG (PUBLICACIÓN) | E117: 1700000 | F117: 1 | G117: 1 | H117: =F117*G117 -> 1 | I117: =H117*E117 -> 1700000 | J117: 0.5 | K117: =I117-(I117*J117) -> 850000
B118: BÉSAME | C118: DIGITAL | D118: VIDEO TIK TOK (PUBLICACIÓN) | E118: 2500000 | F118: 1 | G118: 1 | H118: =F118*G118 -> 1 | I118: =H118*E118 -> 2500000 | J118: 0.5 | K118: =I118-(I118*J118) -> 1250000
I119: =SUM(I115:I118) -> 25563125 | K119: =SUM(K115:K118) -> 8500000
B122: MECHISMES BÉSAME
B123: MARCA | C123: PRODUCTO | D123: VALORIZACION | E123: VALOR VEZ | F123: VECES DIA | G123: No DIAS | H123: TOTAL | I123: VALOR BTO | J123: DTO | K123: VALOR NETO
B124: BÉSAME | C124: RADIO | D124: PROGRAMACIÓN MUSICAL | E124: =2181750/2 -> 1090875 | F124: 15 | G124: 1 | H124: =F124*G124 -> 15 | I124: =H124*E124 -> 16363125 | J124: 0.9 | K124: =I124-(I124*J124) -> 1636312.5
B125: BÉSAME | C125: DIGITAL | D125: PRODUCCIÓN CAPSULA DE VIDEO | E125: 7500000 | F125: 1 | G125: 1 | H125: =F125*G125 -> 1 | I125: =H125*E125 -> 7500000 | J125: 0.031508333 | K125: =I125-(I125*J125) -> 7263687.5
B126: BÉSAME | C126: DIGITAL | D126: REEL IG (PUBLICACIÓN) | E126: 1700000 | F126: 1 | G126: 1 | H126: =F126*G126 -> 1 | I126: =H126*E126 -> 1700000 | J126: 0.5 | K126: =I126-(I126*J126) -> 850000
...

Sheet Video Remoto (Corto)
A1: LOS40 VIDEO REMOTO (BOG)
A2: MARCA | B2: CIUDAD | C2: PRODUCTO | D2: VALORIZACION | E2: VALOR VEZ | F2: VECES DIA | G2: No DIAS | H2: TOTAL | I2: VALOR BTO | J2: DTO | K2: VALOR NETO | L2: 0.14
A3: LOS40 | B3: BOGOTÁ | C3: MUSICAL | D3: REMOTO | E3: 12650000 | F3: 1 | G3: 1 | H3: 1 | I3: =E3*F3 -> 12650000 | J3: 0 | K3: =I3-I3*J3 -> 12650000
A4: LOS40 | B4: DIGITAL | C4: DIGITAL | D4: VIDEO REMOTO | E4: 3790000 | F4: 1 | G4: 1 | H4: 1 | I4: =E4*F4 -> 3790000 | J4: 0 | K4: =I4-I4*J4 -> 3790000 | L4: =3448800+(3448800*L2) -> 3931632
I5: =SUM(I3:I4) -> 16440000 | K5: =SUM(K3:K4) -> 16440000
A7: LOS40 VIDEO REMOTO (MEDELLIN)
A8: MARCA | B8: CIUDAD | C8: PRODUCTO | D8: VALORIZACION | E8: VALOR VEZ | F8: VECES DIA | G8: No DIAS | H8: TOTAL | I8: VALOR BTO | J8: DTO | K8: VALOR NETO | L8: 0.14
A9: LOS40 | B9: MEDELLIN | C9: MUSICAL | D9: REMOTO | E9: 6320000 | F9: 1 | G9: 1 | H9: 1 | I9: =E9*F9 -> 6320000 | J9: 0 | K9: =I9-I9*J9 -> 6320000
A10: LOS40 | B10: DIGITAL | C10: DIGITAL | D10: VIDEO REMOTO | E10: 1900000 | F10: 1 | G10: 1 | H10: 1 | I10: =E10*F10 -> 1900000 | J10: 0 | K10: =I10-I10*J10 -> 1900000 | L10: =1724400+(1724400*L8) -> 1965816
I11: =SUM(I9:I10) -> 8220000 | K11: =SUM(K9:K10) -> 8220000
A13: LOS40 VIDEO REMOTO (CALI)
A14: MARCA | B14: CIUDAD | C14: PRODUCTO | D14: VALORIZACION | E14: VALOR VEZ | F14: VECES DIA | G14: No DIAS | H14: TOTAL | I14: VALOR BTO | J14: DTO | K14: VALOR NETO | L14: 0.14
A15: LOS40 | B15: CALI | C15: MUSICAL | D15: REMOTO | E15: 5690000 | F15: 1 | G15: 1 | H15: 1 | I15: =E15*F15 -> 5690000 | J15: 0 | K15: =I15-I15*J15 -> 5690000
A16: LOS40 | B16: DIGITAL | C16: DIGITAL | D16: VIDEO REMOTO | E16: 1710000 | F16: 1 | G16: 1 | H16: 1 | I16: =E16*F16 -> 1710000 | J16: 0 | K16: =I16-I16*J16 -> 1710000 | L16: =1552200+(1552200*L14) -> 1769508
I17: =SUM(I15:I16) -> 7400000 | K17: =SUM(K15:K16) -> 7400000
A20: RADIOACKTIVA VIDEO REMOTO (BOG)
A21: MARCA | B21: CIUDAD | C21: PRODUCTO | D21: VALORIZACION | E21: VALOR VEZ | F21: VECES DIA | G21: No DIAS | H21: TOTAL | I21: VALOR BTO | J21: DTO | K21: VALOR NETO | L21: 0.14
A22: RADIOACKTIVA | B22: BOGOTÁ | C22: MUSICAL | D22: REMOTO | E22: 16900000 | F22: 1 | G22: 1 | H22: 1 | I22: =E22*F22 -> 16900000 | J22: -0.0019138133 | K22: =I22-I22*J22 -> 16932343
A23: RADIOACKTIVA | B23: DIGITAL | C23: DIGITAL | D23: VIDEO REMOTO | E23: =L23 -> 5253804 | F23: 1 | G23: 1 | H23: 1 | I23: =E23*F23 -> 5253804 | J23: 0.0068802424 | K23: =I23-I23*J23 -> 5217656.6 | L23: =4608600+(4608600*L21) -> 5253804
I24: =SUM(I22:I23) -> 22153804 | K24: =SUM(K22:K23) -> 22150000
A26: RADIOACKTIVA VIDEO REMOTO (MEDELLIN)
A27: MARCA | B27: CIUDAD | C27: PRODUCTO | D27: VALORIZACION | E27: VALOR VEZ | F27: VECES DIA | G27: No DIAS | H27: TOTAL | I27: VALOR BTO | J27: DTO | K27: VALOR NETO | L27: 0.14
A28: RADIOACKTIVA | B28: MEDELLIN | C28: MUSICAL | D28: REMOTO | E28: 7450000 | F28: 1 | G28: 1 | H28: 1 | I28: =E28*F28 -> 7450000 | J28: 0 | K28: =I28-I28*J28 -> 7450000
A29: RADIOACKTIVA | B29: DIGITAL | C29: DIGITAL | D29: VIDEO REMOTO | E29: =L29 -> 2317734 | F29: 1 | G29: 1 | H29: 1 | I29: =E29*F29 -> 2317734 | J29: 0.0076514389 | K29: =I29-I29*J29 -> 2300000 | L29: =2033100+(2033100*L27) -> 2317734
I30: =SUM(I28:I29) -> 9767734 | K30: =SUM(K28:K29) -> 9750000
A33: TROPICANA VIDEO REMOTO (BOG)
A34: MARCA | B34: CIUDAD | C34: PRODUCTO | D34: VALORIZACION | E34: VALOR VEZ | F34: VECES DIA | G34: No DIAS | H34: TOTAL | I34: VALOR BTO | J34: DTO | K34: VALOR NETO | L34: 0.14
A35: TROPICANA | B35: BOGOTÁ | C35: MUSICAL | D35: REMOTO | E35: 20290000 | F35: 1 | G35: 1 | H35: 1 | I35: =E35*F35 -> 20290000 | J35: -2.178413e-05 | K35: =I35-I35*J35 -> 20290442
A36: TROPICANA | B36: DIGITAL | C36: DIGITAL | D36: VIDEO REMOTO | E36: =L36 -> 6309558 | F36: 1 | G36: 1 | H36: 1 | I36: =E36*F36 -> 6309558 | J36: 0 | K36: =I36-I36*J36 -> 6309558 | L36: =5534700+(5534700*L34) -> 6309558
I37: =SUM(I35:I36) -> 26599558 | K37: =SUM(K35:K36) -> 26600000
A39: TROPICANA VIDEO REMOTO (MEDELLIN)
A40: MARCA | B40: CIUDAD | C40: PRODUCTO | D40: VALORIZACION | E40: VALOR VEZ | F40: VECES DIA | G40: No DIAS | H40: TOTAL | I40: VALOR BTO | J40: DTO | K40: VALOR NETO | L40: 0.14
A41: TROPICANA | B41: MEDELLIN | C41: MUSICAL | D41: REMOTO | E41: 9370000 | F41: 1 | G41: 1 | H41: 1 | I41: =E41*F41 -> 9370000 | J41: 0 | K41: =I41-I41*J41 -> 9370000
A42: TROPICANA | B42: DIGITAL | C42: DIGITAL | D42: VIDEO REMOTO | E42: =L42 -> 2911788 | F42: 1 | G42: 1 | H42: 1 | I42: =E42*F42 -> 2911788 | J42: 0.010917004 | K42: =I42-I42*J42 -> 2880000 | L42: =2554200+(2554200*L40) -> 2911788
I43: =SUM(I41:I42) -> 12281788 | K43: =SUM(K41:K42) -> 12250000
A45: TROPICANA VIDEO REMOTO (CALI)
A46: MARCA | B46: CIUDAD | C46: PRODUCTO | D46: VALORIZACION | E46: VALOR VEZ | F46: VECES DIA | G46: No DIAS | H46: TOTAL | I46: VALOR BTO | J46: DTO | K46: VALOR NETO | L46: 0.14
A47: TROPICANA | B47: CALI | C47: MUSICAL | D47: REMOTO | E47: 9370000 | F47: 1 | G47: 1 | H47: 1 | I47: =E47*F47 -> 9370000 | J47: 0 | K47: =I47-I47*J47 -> 9370000
A48: TROPICANA | B48: DIGITAL | C48: DIGITAL | D48: VIDEO REMOTO | E48: =L48 -> 2911788 | F48: 1 | G48: 1 | H48: 1 | I48: =E48*F48 -> 2911788 | J48: 0.010917004 | K48: =I48-I48*J48 -> 2880000 | L48: =2554200+(2554200*L46) -> 2911788
I49: =SUM(I47:I48) -> 12281788 | K49: =SUM(K47:K48) -> 12250000
A51: TROPICANA VIDEO REMOTO (BARRANQUILLA)
A52: MARCA | B52: CIUDAD | C52: PRODUCTO | D52: VALORIZACION | E52: VALOR VEZ | F52: VECES DIA | G52: No DIAS | H52: TOTAL | I52: VALOR BTO | J52: DTO | K52: VALOR NETO | L52: 0.14
A53: TROPICANA | B53: BARRANQUILLA | C53: MUSICAL | D53: REMOTO | E53: 4490000 | F53: 1 | G53: 1 | H53: 1 | I53: =E53*F53 -> 4490000 | J53: 0 | K53: =I53-I53*J53 -> 4490000
A54: TROPICANA | B54: DIGITAL | C54: DIGITAL | D54: VIDEO REMOTO | E54: =L54 -> 1396386 | F54: 1 | G54: 1 | H54: 1 | I54: =E54*F54 -> 1396386 | J54: 0.026057265 | K54: =I54-I54*J54 -> 1360000 | L54: =1224900+(1224900*L52) -> 1396386
I55: =SUM(I53:I54) -> 5886386 | K55: =SUM(K53:K54) -> 5850000
A58: BÉSAME VIDEO REMOTO (BOG)
A59: MARCA | B59: CIUDAD | C59: PRODUCTO | D59: VALORIZACION | E59: VALOR VEZ | F59: VECES DIA | G59: No DIAS | H59: TOTAL | I59: VALOR BTO | J59: DTO | K59: VALOR NETO | L59: 0.14
A60: BÉSAME | B60: BOGOTÁ | C60: MUSICAL | D60: REMOTO | E60: 13440000 | F60: 1 | G60: 1 | H60: 1 | I60: =E60*F60 -> 13440000 | J60: 0 | K60: =I60-I60*J60 -> 13440000
A61: BÉSAME | B61: DIGITAL | C61: DIGITAL | D61: VIDEO REMOTO | E61: =L61 -> 3830058 | F61: 1 | G61: 1 | H61: 1 | I61: =E61*F61 -> 3830058 | J61: 0.0052369964 | K61: =I61-I61*J61 -> 3810000 | L61: =3359700+(3359700*L59) -> 3830058
I62: =SUM(I60:I61) -> 17270058 | K62: =SUM(K60:K61) -> 17250000
A64: BÉSAME VIDEO REMOTO (MEDELLIN)
A65: MARCA | B65: CIUDAD | C65: PRODUCTO | D65: VALORIZACION | E65: VALOR VEZ | F65: VECES DIA | G65: No DIAS | H65: TOTAL | I65: VALOR BTO | J65: DTO | K65: VALOR NETO | L65: 0.14
A66: BÉSAME | B66: MEDELLIN | C66: MUSICAL | D66: REMOTO | E66: 13440000 | F66: 1 | G66: 1 | H66: 1 | I66: =E66*F66 -> 13440000 | J66: 0 | K66: =I66-I66*J66 -> 13440000
A67: BÉSAME | B67: DIGITAL | C67: DIGITAL | D67: VIDEO REMOTO | E67: =L67 -> 3830058 | F67: 1 | G67: 1 | H67: 1 | I67: =E67*F67 -> 3830058 | J67: 0.0052369964 | K67: =I67-I67*J67 -> 3810000 | L67: =3359700+(3359700*L65) -> 3830058
I68: =SUM(I66:I67) -> 17270058 | K68: =SUM(K66:K67) -> 17250000
A70: BÉSAME VIDEO REMOTO (CALI)
A71: MARCA | B71: CIUDAD | C71: PRODUCTO | D71: VALORIZACION | E71: VALOR VEZ | F71: VECES DIA | G71: No DIAS | H71: TOTAL | I71: VALOR BTO | J71: DTO | K71: VALOR NETO | L71: 0.14
A72: BÉSAME | B72: CALI | C72: MUSICAL | D72: REMOTO | E72: =L72 -> 6927780 | F72: 1 | G72: 1 | H72: 1 | I72: 7290000 | J72: 0 | K72: =I72-I72*J72 -> 7290000 | L72: =6077000+(6077000*L71) -> 6927780
A73: BÉSAME | B73: DIGITAL | C73: DIGITAL | D73: VIDEO REMOTO | E73: =L73 -> 2078334 | F73: 1 | G73: 1 | H73: 1 | I73: =E73*F73 -> 2078334 | J73: 0.0088214888 | K73: =I73-I73*J73 -> 2060000 | L73: =1823100+(1823100*L71) -> 2078334
I74: =SUM(I72:I73) -> 9368334 | K74: =SUM(K72:K73) -> 9350000
A76: BÉSAME VIDEO REMOTO (BARRANQUILLA)
A77: MARCA | B77: CIUDAD | C77: PRODUCTO | D77: VALORIZACION | E77: VALOR VEZ | F77: VECES DIA | G77: No DIAS | H77: TOTAL | I77: VALOR BTO | J77: DTO | K77: VALOR NETO | L77: 0.14
A78: BÉSAME | B78: BARRANQUILLA | C78: MUSICAL | D78: REMOTO | E78: 4340000 | F78: 1 | G78: 1 | H78: 1 | I78: =E78*F78 -> 4340000 | J78: 0 | K78: =I78-I78*J78 -> 4340000
A79: BÉSAME | B79: DIGITAL | C79: DIGITAL | D79: VIDEO REMOTO | E79: =L79 -> 1236672 | F79: 1 | G79: 1 | H79: 1 | I79: =E79*F79 -> 1236672 | J79: 0.021567562 | K79: =I79-I79*J79 -> 1210000 | L79: =1084800+(1084800*L77) -> 1236672
I80: =SUM(I78:I79) -> 5576672 | K80: =SUM(K78:K79) -> 5550000
A83: CARACOL VIDEO REMOTO (NACIONAL)
A84: MARCA | B84: CIUDAD | C84: PRODUCTO | D84: VALORIZACION | E84: VALOR VEZ | F84: VECES DIA | G84: No DIAS | H84: TOTAL | I84: VALOR BTO | J84: DTO | K84: VALOR NETO
A85: CARACOL | B85: NACIONAL | C85: MUSICAL | D85: REMOTO | E85: =L85 -> 0 | F85: 1 | G85: 1 | H85: 1 | I85: =E85*F85 -> 0 | J85: 0 | K85: =I85-I85*J85 -> 0
A86: CARACOL | B86: DIGITAL | C86: DIGITAL | D86: VIDEO REMOTO | E86: =L86 -> 0 | F86: 1 | G86: 1 | H86: 1 | I86: =E86*F86 -> 0 | J86: 0 | K86: =I86-I86*J86 -> 0
I87: =SUM(I85:I86) -> 0 | K87: =SUM(K85:K86) -> 0
A88: AS VIDEO REMOTO BOGOTÁ: Morning Gol / As Noticias / Milonga / El Vbar / AS Noticias FDS
A89: MARCA | B89: CIUDAD | C89: PRODUCTO | D89: VALORIZACION | E89: VALOR VEZ | F89: VECES DIA | G89: No DIAS | H89: TOTAL | I89: VALOR BTO | J89: DTO | K89: VALOR NETO
A90: RADIOACKTIVA | B90: BOGOTÁ | C90: RADIO | D90: REMOTO | E90: 16900000 | F90: 1 | G90: 1 | H90: 1 | I90: =E90*F90 -> 16900000 | J90: 0.53 | K90: =I90-I90*J90 -> 7943000
A91: RADIOACKTIVA | B91: DIGITAL | C91: DIGITAL | D91: VIDEO REMOTO | E91: 8670000 | F91: 1 | G91: 1 | H91: 1 | I91: =E91*F91 -> 8670000 | J91: 0.30138408 | K91: =I91-I91*J91 -> 6057000
I92: =SUM(I90:I91) -> 25570000 | K92: =SUM(K90:K91) -> 14000000
A95: AS VIDEO REMOTO BOGOTÁ: Rock & Gol del AS / Banqueados / Rock & Gol del AS Transmisión FDS
A96: MARCA | B96: CIUDAD | C96: PRODUCTO | D96: VALORIZACION | E96: VALOR VEZ | F96: VECES DIA | G96: No DIAS | H96: TOTAL | I96: VALOR BTO | J96: DTO | K96: VALOR NETO
A97: RADIOACKTIVA | B97: BOGOTÁ | C97: RADIO | D97: REMOTO | E97: 28900000 | F97: 1 | G97: 1 | H97: 1 | I97: =E97*F97 -> 28900000 | J97: 0.53356401 | K97: =I97-I97*J97 -> 13480000
A98: RADIOACKTIVA | B98: DIGITAL | C98: DIGITAL | D98: VIDEO REMOTO | E98: =E97*30% -> 8670000 | F98: 1 | G98: 1 | H98: 1 | I98: =E98*F98 -> 8670000 | J98: 0 | K98: =I98-I98*J98 -> 8670000
I99: =SUM(I97:I98) -> 37570000 | K99: =SUM(K97:K98) -> 22150000
A102: AS VIDEO REMOTO BOGOTÁ: La Jugada Bacana
A103: MARCA | B103: CIUDAD | C103: PRODUCTO | D103: VALORIZACION | E103: VALOR VEZ | F103: VECES DIA | G103: No DIAS | H103: TOTAL | I103: VALOR BTO | J103: DTO | K103: VALOR NETO
A104: RADIOACKTIVA | B104: BOGOTÁ | C104: RADIO | D104: REMOTO | E104: 28900000 | F104: 1 | G104: 1 | H104: 1 | I104: =E104*F104 -> 28900000 | J104: 0.37958478 | K104: =I104-I104*J104 -> 17930000
A105: RADIOACKTIVA | B105: DIGITAL | C105: DIGITAL | D105: VIDEO REMOTO | E105: =E104*30% -> 8670000 | F105: 1 | G105: 1 | H105: 1 | I105: =E105*F105 -> 8670000 | J105: 0 | K105: =I105-I105*J105 -> 8670000
I106: =SUM(I104:I105) -> 37570000 | K106: =SUM(K104:K105) -> 26600000

Sheet Seccion Prime - BM - Spot
C4: SECCIÓN PRIME
B6: SECCIÓN PRIME | E6: TROPICANA | F6: BÉSAME | G6: RADIOACKTIVA | H6: LOS 40
B7: Sección video Prime (En vivo - Live, Banner, Full Screen) | C7: MODELO / FORMATO | D7: CONTENIDO | E7: 1380000 | F7: 1220000 | G7: 1440000 | H7: 2980000
B8: Digital (marca + YouTube + video) | C8: YOUTUBE | D8: VIDEO | E8: 414000 | F8: 366000 | G8: 432000 | H8: 894000
B9: Digital (marca + Tiktok + video) | C9: TIKTOK | D9: VIDEO | E9: 759000 | F9: 671000 | G9: 792000 | H9: 1639000
B10: Radio (emisora + programa + sección) | C10: PROGRAMA | D10: SECCION | E10: 207000 | F10: 183000 | G10: 216000 | H10: 447000
C14: BRANDED MOMENTS
C15: Tarifa Bruta | D15: VECES AL DÍA | E15: Días | F15: Impactos | G15: Total Bruto | H15: Dcto | I15: Total Neto
B16: LOS 40 | C16: 4400000 | D16: 3 | E16: 11 | F16: =D16*E16 -> 33 | G16: =E16*C16 -> 48400000 | H16: 0.2 | I16: =G16-(G16*H16) -> 38720000
C17: 4400000 | D17: 1 | E17: 1 | F17: 3 | G17: =E17*C17 -> 4400000 | H17: 0 | I17: =G17-(G17*H17) -> 4400000
B18: MUSICALES | C18: 2400000 | D18: 3 | E18: 11 | F18: =D18*E18 -> 33 | G18: =E18*C18 -> 26400000 | H18: 0.2 | I18: =G18-(G18*H18) -> 21120000
C19: 2400000 | D19: 1 | E19: 1 | F19: 3 | G19: =E19*C19 -> 2400000 | H19: 0 | I19: =G19-(G19*H19) -> 2400000
C20: 4400000 | D20: 1 | E20: 11 | F20: =D20*E20 -> 11 | G20: =F20*C20 -> 48400000 | H20: 0.2 | I20: =G20-(G20*H20) -> 38720000
B21: CRC / AS Colombia: Rock & Gol del AS / Banqueados / Rock & Gol del AS Transmisión FDS / La Jugada Bacana | C21: 2400000 | D21: 3 | E21: 11 | F21: =D21*E21 -> 33 | G21: =E21*C21 -> 26400000 | H21: 0.2 | I21: =G21-(G21*H21) -> 21120000
B24: BRANDED MOMENTS | E24: TROPICANA | F24: BÉSAME | G24: RADIOACKTIVA | H24: LOS 40 | I24: CRC / AS
B25: Branded Moments (Animados, Toma de Cabina, Product Placement) | C25: MODELO / FORMATO | D25: CONTENIDO | E25: 2400000 | F25: 2400000 | G25: 2400000 | H25: 4400000 | I25: 2400000
B26: (3 veces en el día)
B27: Digital (marca + YouTube + video) | C27: YOUTUBE | D27: VIDEO | E27: 720000 | F27: 720000 | G27: 720000 | H27: 1320000 | I27: 720000
B28: Digital (marca + Tiktok + video) | C28: TIKTOK | D28: VIDEO | E28: 1680000 | F28: 1680000 | G28: 1680000 | H28: 3080000 | I28: 1680000
B31: SPOT | E31: TROPICANA | F31: BÉSAME | G31: RADIOACKTIVA | H31: LOS 40
B32: Spot * 3 (3 veces en el día) | C32: MODELO / FORMATO | D32: CONTENIDO | E32: 1656000 | F32: 1464000 | G32: 1728000 | H32: 3576000
B33: Digital (marca + YouTube + video) | C33: YOUTUBE | D33: VIDEO | E33: 496800 | F33: 439200 | G33: 518400 | H33: 1072800
B34: Digital (marca + Tiktok + video) | C34: TIKTOK | D34: VIDEO | E34: 1159200 | F34: 1024800 | G34: 1209600 | H34: 2503200
B38: SPOT MOMENTS | E38: TROPICANA | F38: BÉSAME | G38: RADIOACKTIVA | H38: LOS 40
B39: Spot Moments * 3 (3 veces en el día) | C39: MODELO / FORMATO | D39: CONTENIDO | E39: 4056000 | F39: 3864000 | G39: 4128000 | H39: 7976000
B40: Digital (marca + YouTube + video) | C40: YOUTUBE | D40: VIDEO | E40: 1216800 | F40: 1159200 | G40: 1238400 | H40: 2392800
B41: Digital (marca + Tiktok + video) | C41: TIKTOK | D41: VIDEO | E41: 2839200 | F41: 2704800 | G41: 2889600 | H41: 5583200

Sheet Contenido Exclusivo
A2: CONTENIDO EXCLUSIVO IMPRESENTABLES (1 SALIDA) EN CABINA 2026
A3: Salida con vocero de marca de max 20 mins. Minimo de duración depende del vocero de marca segun el desarrolle que se logre al aire.
A4: MARCA | B4: CIUDAD | C4: PRODUCTO | D4: VALORIZACION | E4: VALOR VEZ | F4: VECES DIA | G4: No DIAS | H4: TOTAL | I4: VALOR BTO | J4: DTO | K4: VALOR NETO
A5: LOS40 | B5: NACIONAL | C5: IMPRESENTABLES | D5: CONTENIDO EXCLUSIVO (EN VIVO EN RADIO) | E5: 12828000 | F5: 1 | G5: 1 | H5: 1 | I5: 12828000 | J5: 0.47 | K5: 6860000
A6: LOS40 | B6: DIGITAL | C6: DIGITAL | D6: LIVE TIK TOK | E6: 12000000 | F6: 1 | G6: 1 | H6: 1 | I6: 12000000 | J6: 0.47 | K6: 6420000
A7: LOS40 | B7: DIGITAL | C7: DIGITAL | D7: CAPSULA DE VIDEO (PRODUCCIÓN) | E7: 2280000 | F7: 1 | G7: 1 | H7: 1 | I7: 2280000 | J7: 0 | K7: 2280000
A8: LOS40 | B8: DIGITAL | C8: DIGITAL | D8: VIDEO HORIZONTAL YOUTUBE (PUBLICACIÓN) | E8: 11000000 | F8: 1 | G8: 1 | H8: 1 | I8: 11000000 | J8: 0.46 | K8: 5940000
A9: LOS40 | B9: DIGITAL | C9: DIGITAL | D9: REEL IG (PUBLICACIÓN) | E9: 9000000 | F9: 1 | G9: 1 | H9: 1 | I9: 9000000 | J9: 0.46 | K9: 4842000
A10: LOS40 | B10: DIGITAL | C10: DIGITAL | D10: VIDEO TIK TOK (PUBLICACIÓN) | E10: 15100000 | F10: 1 | G10: 1 | H10: 1 | I10: 15100000 | J10: 0.46 | K10: 8154000
I11: 23840000 | K11: 34496000
K12: 34500
A14: CONTENIDO EXCLUSIVO INEXPERTAS (1 SALIDA) EN CABINA 2026
A15: Salida con vocero de marca de max 20 mins. Minimo de duración depende del vocero de marca segun el desarrolle que se logre al aire.
A16: MARCA | B16: CIUDAD | C16: PRODUCTO | D16: VALORIZACION | E16: VALOR VEZ | F16: VECES DIA | G16: No DIAS | H16: TOTAL | I16: VALOR BTO | J16: DTO | K16: VALOR NETO
A17: BÉSAME | B17: BOGOTA | C17: INEXPERTAS | D17: CONTENIDO EXCLUSIVO (EN VIVO EN RADIO) | E17: 4556000 | F17: 1 | G17: 1 | H17: 1 | I17: 4556000 | J17: 0.47 | K17: 2436402
A18: BÉSAME | B18: DIGITAL | C18: DIGITAL | D18: LIVE TIK TOK | E18: 3900000 | F18: 1 | G18: 1 | H18: 1 | I18: 3900000 | J18: 0 | K18: 3900000
A19: BÉSAME | B19: DIGITAL | C19: DIGITAL | D19: CAPSULA DE VIDEO (PRODUCCIÓN) | E19: 2400000 | F19: 1 | G19: 1 | H19: 1 | I19: 2400000 | J19: 0 | K19: 2400000
A20: BÉSAME | B20: DIGITAL | C20: DIGITAL | D20: VIDEO HORIZONTAL YOUTUBE (PUBLICACIÓN) | E20: 2800000 | F20: 1 | G20: 1 | H20: 1 | I20: 2800000 | J20: 0.4 | K20: 1680000
A21: BÉSAME | B21: DIGITAL | C21: DIGITAL | D21: REEL IG (PUBLICACIÓN) | E21: 1700000 | F21: 1 | G21: 1 | H21: 1 | I21: 1700000 | J21: 0.4 | K21: 1020000
A22: BÉSAME | B22: DIGITAL | C22: DIGITAL | D22: VIDEO TIK TOK (PUBLICACIÓN) | E22: 2500000 | F22: 1 | G22: 1 | H22: 1 | I22: 2500000 | J22: 0.4 | K22: 1500000
I23: 23840000 | K23: 12936402 | L23: 13
A26: CONTENIDO EXCLUSIVO TROPICANA (1 SALIDA) EN CABINA 2026
A27: Salida con vocero de marca de max 20 mins. Minimo de duración depende del vocero de marca segun el desarrolle que se logre al aire.
A28: MARCA | B28: CIUDAD | C28: PRODUCTO | D28: VALORIZACION | E28: VALOR VEZ | F28: VECES DIA | G28: No DIAS | H28: TOTAL | I28: VALOR BTO | J28: DTO | K28: VALOR NETO
A29: TROPICANA | B29: BOGOTA | C29: INEXPERTAS | D29: CONTENIDO EXCLUSIVO (EN VIVO EN RADIO) | E29: 8280000 | F29: 1 | G29: 1 | H29: 1 | I29: 8280000 | J29: 0.47 | K29: 4427877
A30: TROPICANA | B30: DIGITAL | C30: DIGITAL | D30: LIVE TIK TOK | E30: 3500000 | F30: 1 | G30: 1 | H30: 1 | I30: 3500000 | J30: 0 | K30: 3500000
A31: TROPICANA | B31: DIGITAL | C31: DIGITAL | D31: CAPSULA DE VIDEO (PRODUCCIÓN) | E31: 2400000 | F31: 1 | G31: 1 | H31: 1 | I31: 2400000 | J31: 0 | K31: 2400000
A32: TROPICANA | B32: DIGITAL | C32: DIGITAL | D32: VIDEO HORIZONTAL YOUTUBE (PUBLICACIÓN) | E32: 8000000 | F32: 1 | G32: 1 | H32: 1 | I32: 8000000 | J32: 0.4 | K32: 4800000
A33: TROPICANA | B33: DIGITAL | C33: DIGITAL | D33: REEL IG (PUBLICACIÓN) | E33: 1700000 | F33: 1 | G33: 1 | H33: 1 | I33: 1700000 | J33: 0.4 | K33: 1020000
A34: TROPICANA | B34: DIGITAL | C34: DIGITAL | D34: VIDEO TIK TOK (PUBLICACIÓN) | E34: 2500000 | F34: 1 | G34: 1 | H34: 1 | I34: 2500000 | J34: 0.4 | K34: 1500000
I35: 23840000 | K35: 17647877
A39: CONTENIDO EXCLUSIVOEL GALLO (1 SALIDA) EN CABINA 2026 CON VOCERO
A40: Salida con vocero de marca de max 20 mins. Minimo de duración depende del vocero de marca segun el desarrolle que se logre al aire.
A41: MARCA | B41: CIUDAD | C41: PRODUCTO | D41: VALORIZACION | E41: VALOR VEZ | F41: VECES DIA | G41: No DIAS | H41: TOTAL | I41: VALOR BTO | J41: DTO | K41: VALOR NETO
A42: RADIOACKTIVA | B42: NACIONAL | C42: EL GALLO | D42: CONTENIDO EXCLUSIVO (EN VIVO EN RADIO) | E42: 10160000 | F42: 1 | G42: 1 | H42: 1 | I42: 10160000 | J42: 0.47 | K42: 5433240
A43: RADIOACKTIVA | B43: DIGITAL | C43: DIGITAL | D43: LIVE TIK TOK | E43: 4500000 | F43: 1 | G43: 1 | H43: 1 | I43: 4500000 | J43: 0 | K43: 4500000
A44: RADIOACKTIVA | B44: DIGITAL | C44: DIGITAL | D44: PRODUCCIÓN CAPSULA DE VIDEO | E44: 2280000 | F44: 1 | G44: 1 | H44: 1 | I44: 2280000 | J44: 0 | K44: 2280000
A45: RADIOACKTIVA | B45: DIGITAL | C45: DIGITAL | D45: REEL IG (PUBLICACIÓN) | E45: 2462400 | F45: 1 | G45: 1 | H45: 1 | I45: 2462400 | J45: 0.52 | K45: 1181952
A46: RADIOACKTIVA | B46: DIGITAL | C46: DIGITAL | D46: VIDEO TIK TOK (PUBLICACIÓN) | E46: 6840000 | F46: 1 | G46: 1 | H46: 1 | I46: 6840000 | J46: 0.52 | K46: 3317400
A47: RADIOACKTIVA | B47: DIGITAL | C47: DIGITAL | D47: VIDEO HORIZONTAL YOUTUBE (PUBLICACIÓN) | E47: 7000000 | F47: 1 | G47: 1 | H47: 1 | I47: 7000000 | J47: 0.5 | K47: 3486000
A48: SALIDA CON VOCERO DE MARCA DE 4 A 5 MIN
A49: RADIOACKTIVA | B49: BOGOTÁ | C49: INEXPERTAS | D49: SALIDA CON VOCERO DE MARCA MORNING | E49: 10000000 | F49: 1 | G49: 1 | H49: 1 | I49: 10000000 | K49: 10000000
I50: 23840000 | K50: 30198592
A53: CONTENIDO EXCLUSIVOEL GALLO (1 SALIDA) EN CABINA 2026 SIN VOCERO
A54: Salida con vocero de marca de max 20 mins. Minimo de duración depende del vocero de marca segun el desarrolle que se logre al aire.
A55: MARCA | B55: CIUDAD | C55: PRODUCTO | D55: VALORIZACION | E55: VALOR VEZ | F55: VECES DIA | G55: No DIAS | H55: TOTAL | I55: VALOR BTO | J55: DTO | K55: VALOR NETO
A56: RADIOACKTIVA | B56: NACIONAL | C56: EL GALLO | D56: CONTENIDO EXCLUSIVO (EN VIVO EN RADIO) | E56: 10160000 | F56: 1 | G56: 1 | H56: 1 | I56: 10160000 | J56: 0.47 | K56: 5433240
A57: RADIOACKTIVA | B57: DIGITAL | C57: DIGITAL | D57: LIVE TIK TOK | E57: 4500000 | F57: 1 | G57: 1 | H57: 1 | I57: 4500000 | J57: 0 | K57: 4500000
A58: RADIOACKTIVA | B58: DIGITAL | C58: DIGITAL | D58: PRODUCCIÓN CAPSULA DE VIDEO | E58: 2280000 | F58: 1 | G58: 1 | H58: 1 | I58: 2280000 | J58: 0 | K58: 2280000
A59: RADIOACKTIVA | B59: DIGITAL | C59: DIGITAL | D59: REEL IG (PUBLICACIÓN) | E59: 2462400 | F59: 1 | G59: 1 | H59: 1 | I59: 2462400 | J59: 0.51 | K59: 1206576
A60: RADIOACKTIVA | B60: DIGITAL | C60: DIGITAL | D60: VIDEO TIK TOK (PUBLICACIÓN) | E60: 6840000 | F60: 1 | G60: 1 | H60: 1 | I60: 6840000 | J60: 0.51 | K60: 3351600
A61: RADIOACKTIVA | B61: DIGITAL | C61: DIGITAL | D61: VIDEO HORIZONTAL YOUTUBE (PUBLICACIÓN) | E61: 7000000 | F61: 1 | G61: 1 | H61: 1 | I61: 7000000 | J61: 0.51 | K61: 3430000
I62: 23840000 | K62: 20201416

Sheet Microprograma
A2: MICROPROGRAMA BÉSAME INEXPERTAS CON VOCERO DE MARCA
A3: MARCA | B3: CIUDAD | C3: PRODUCTO | D3: VALORIZACION | E3: BRUTO | F3: VECES DIA | G3: No DIAS | H3: TOTAL | I3: VALOR BTO | J3: DTO | K3: VALOR NETO
A4: BÉSAME | B4: BOGOTÁ | C4: MICROPROGRAMA | D4: PRESENTACIÓN Y DESPEDIDA DEL MICROPROGRAMA | E4: 1139000 | F4: 1 | G4: 1 | H4: 1 | I4: 1139000 | J4: 0.75 | K4: 284750
A5: BÉSAME | B5: BOGOTÁ | C5: MICROPROGRAMA | D5: SECCIÓN ESPECIAL INEXPERTAS | E5: 2278000 | F5: 2 | G5: 1 | H5: 2 | I5: 4556000 | J5: 0.75 | K5: 1139000
A6: BÉSAME | B6: BOGOTÁ | C6: MICROPROGRAMA | D6: CUÑAS HASTA DE 20" MORNING | E6: 477000 | F6: 4 | G6: 1 | H6: 4 | I6: 1908000 | J6: 0.75 | K6: 477000
A7: BÉSAME | B7: BOGOTÁ | C7: MICROPROGRAMA | D7: CUÑA HASTA DE 20" MUSICAL | E7: 417000 | F7: 6 | G7: 1 | H7: 6 | I7: 2502000 | J7: 0.75 | K7: 625500
A8: BÉSAME | B8: BOGOTÁ | C8: MICROPROGRAMA | D8: PROMO 30'' PROGRAMACIÓN MUSICAL | E8: 278000 | F8: 10 | G8: 1 | H8: 10 | I8: 2780000 | J8: 0.75 | K8: 695000
A9: BÉSAME | B9: BOGOTÁ | C9: MICROPROGRAMA | D9: INDIVIDUALES PROGRAMACIÓN MUSICAL | E9: 779000 | F9: 4 | G9: 1 | H9: 4 | I9: 3116000 | J9: 0.75 | K9: 779000
A10: MICROPROGRAMA DETALLE DIGITAL (VIDEO SECCIÓN)
A11: BÉSAME | B11: BOGOTÁ | C11: MORNING | D11: SECCION ESPECIAL (RADIO) | E11: 3416400 | F11: 1 | G11: 1 | H11: 1 | I11: 3416400 | J11: 0.8 | K11: 683280
A12: BÉSAME | B12: DIGITAL | C12: DIGITAL | D12: PRODUCCIÓN CAPSULA DE VIDEO | E12: 2280000 | F12: 1 | G12: 1 | H12: 1 | I12: 2280000 | J12: 0 | K12: 2280000
A13: BÉSAME | B13: DIGITAL | C13: DIGITAL | D13: REEL IG (PUBLICACIÓN) | E13: 1710000 | F13: 1 | G13: 1 | H13: 1 | I13: 1710000 | J13: 0.35 | K13: 1111500
A14: BÉSAME | B14: DIGITAL | C14: DIGITAL | D14: VIDEO TIK TOK (PUBLICACIÓN) | E14: 2462400 | F14: 1 | G14: 1 | H14: 1 | I14: 2462400 | J14: 0.32 | K14: 1666396
A15: BÉSAME | B15: DIGITAL | C15: MICROPROGRAMA | D15: PRODUCT PLACEMENT + INTERACCIÓN | E15: 5016000 | F15: 1 | G15: 1 | H15: 1 | I15: 5016000 | J15: 0.01 | K15: 4958824
A16: SALIDA CON VOCERO DE MARCA DE 4 A 5 MIN
A17: BÉSAME | B17: BOGOTÁ | C17: INEXPERTAS | D17: SALIDA CON VOCERO DE MARCA MORNING | E17: 7500000 | F17: 1 | G17: 1 | H17: 1 | I17: 7500000 | K17: 7500000
I18: 29746800 | K18: 22200250
A20: MICROPROGRAMA BÉSAME INEXPERTAS SIN VOCERO
A21: MARCA | B21: CIUDAD | C21: PRODUCTO | D21: VALORIZACION | E21: BRUTO | F21: VECES DIA | G21: No DIAS | H21: TOTAL | I21: VALOR BTO | J21: DTO | K21: VALOR NETO
A22: BÉSAME | B22: BOGOTÁ | C22: MICROPROGRAMA | D22: PRESENTACIÓN Y DESPEDIDA DEL MICROPROGRAMA | E22: 1139000 | F22: 1 | G22: 1 | H22: 1 | I22: 1139000 | J22: 0.75 | K22: 284750
A23: BÉSAME | B23: BOGOTÁ | C23: MICROPROGRAMA | D23: SECCIÓN ESPECIAL INEXPERTAS | E23: 2278000 | F23: 2 | G23: 1 | H23: 2 | I23: 4556000 | J23: 0.75 | K23: 1139000
A24: BÉSAME | B24: BOGOTÁ | C24: MICROPROGRAMA | D24: CUÑAS HASTA DE 20" MORNING | E24: 477000 | F24: 4 | G24: 1 | H24: 4 | I24: 1908000 | J24: 0.75 | K24: 477000
A25: BÉSAME | B25: BOGOTÁ | C25: MICROPROGRAMA | D25: CUÑA HASTA DE 20" MUSICAL | E25: 417000 | F25: 6 | G25: 1 | H25: 6 | I25: 2502000 | J25: 0.75 | K25: 625500
A26: BÉSAME | B26: BOGOTÁ | C26: MICROPROGRAMA | D26: PROMO 30'' PROGRAMACIÓN MUSICAL | E26: 278000 | F26: 10 | G26: 1 | H26: 10 | I26: 2780000 | J26: 0.75 | K26: 695000
A27: BÉSAME | B27: BOGOTÁ | C27: MICROPROGRAMA | D27: INDIVIDUALES PROGRAMACIÓN MUSICAL | E27: 779000 | F27: 4 | G27: 1 | H27: 4 | I27: 3116000 | J27: 0.75 | K27: 779000
A28: MICROPROGRAMA DETALLE DIGITAL (VIDEO SECCIÓN)
A29: BÉSAME | B29: BOGOTÁ | C29: MORNING | D29: SECCION ESPECIAL (RADIO) | E29: 3416400 | F29: 1 | G29: 1 | H29: 1 | I29: 3416400 | J29: 0.8 | K29: 683280
A30: BÉSAME | B30: DIGITAL | C30: DIGITAL | D30: PRODUCCIÓN CAPSULA DE VIDEO | E30: 2280000 | F30: 1 | G30: 1 | H30: 1 | I30: 2280000 | J30: 0 | K30: 2280000
A31: BÉSAME | B31: DIGITAL | C31: DIGITAL | D31: REEL IG (PUBLICACIÓN) | E31: 1710000 | F31: 1 | G31: 1 | H31: 1 | I31: 1710000 | J31: 0.35 | K31: 1111500
A32: BÉSAME | B32: DIGITAL | C32: DIGITAL | D32: VIDEO TIK TOK (PUBLICACIÓN) | E32: 2462400 | F32: 1 | G32: 1 | H32: 1 | I32: 2462400 | J32: 0.32 | K32: 1666396
A33: BÉSAME | B33: DIGITAL | C33: MICROPROGRAMA | D33: PRODUCT PLACEMENT + INTERACCIÓN | E33: 5016000 | F33: 1 | G33: 1 | H33: 1 | I33: 5016000 | J33: 0.01 | K33: 4958824
I34: 29746800 | K34: 14700250
A36: MICROPROGRAMA TROPICANA BOGOTÁ - SIN VOCERO
A37: MARCA | B37: CIUDAD | C37: PRODUCTO | D37: VALORIZACION | E37: BRUTO | F37: VECES DIA | G37: No DIAS | H37: TOTAL | I37: VALOR BTO | J37: DTO | K37: VALOR NETO
A38: TROPICANA | B38: BOGOTA | C38: MICROPROGRAMA | D38: PRESENTACIÓN Y DESPEDIDA DEL MICROPROGRAMA | E38: 2070000 | F38: 1 | G38: 1 | H38: 1 | I38: 2070000 | J38: 0.75 | K38: 517500
A39: TROPICANA | B39: BOGOTA | C39: MICROPROGRAMA | D39: SECCIÓN ESPECIAL COMO AMANECIO | E39: 4140000 | F39: 2 | G39: 1 | H39: 2 | I39: 8280000 | J39: 0.75 | K39: 2070000
A40: TROPICANA | B40: BOGOTA | C40: MICROPROGRAMA | D40: CUÑAS HASTA DE 20" MORNING | E40: 864000 | F40: 4 | G40: 1 | H40: 4 | I40: 3456000 | J40: 0.75 | K40: 864000
A41: TROPICANA | B41: BOGOTA | C41: MICROPROGRAMA | D41: CUÑA HASTA DE 20" MUSICAL | E41: 734250 | F41: 6 | G41: 1 | H41: 6 | I41: 4405500 | J41: 0.75 | K41: 1101375
A42: TROPICANA | B42: BOGOTA | C42: MICROPROGRAMA | D42: PROMO 30'' PROGRAMACIÓN MUSICAL | E42: 489500 | F42: 10 | G42: 1 | H42: 10 | I42: 4895000 | J42: 0.75 | K42: 1223750
A43: TROPICANA | B43: BOGOTA | C43: MICROPROGRAMA | D43: INDIVIDUALES PROGRAMACIÓN MUSICAL | E43: 1241000 | F43: 4 | G43: 1 | H43: 4 | I43: 4964000 | J43: 0.75 | K43: 1241000
A44: TROPICANA | B44: BOGOTA | C44: COMO AMANECIO | D44: SECCION ESPECIAL(RADIO) | E44: 4140000 | F44: 1 | G44: 1 | H44: 1 | I44: 4140000 | J44: 0.7 | K44: 1242000
A45: DETALLE DIGITAL
A46: TROPICANA | B46: BOGOTA | C46: COMO AMANECIO | D46: SECCION ESPECIAL(RADIO) | E46: 5448300 | F46: 1 | G46: 1 | H46: 1 | I46: 5448300 | J46: 0.7 | K46: 1634490
A47: TROPICANA | B47: DIGITAL | C47: DIGITAL | D47: PRODUCCIÓN CAPSULA DE VIDEO | E47: 2280000 | F47: 1 | G47: 1 | H47: 1 | I47: 2280000 | J47: 0 | K47: 2280000
A48: TROPICANA | B48: DIGITAL | C48: DIGITAL | D48: REEL IG (PUBLICACIÓN) | E48: 2462400 | F48: 1 | G48: 1 | H48: 1 | I48: 2462400 | J48: 0.45 | K48: 1354320
A49: TROPICANA | B49: DIGITAL | C49: DIGITAL | D49: VIDEO TIK TOK (PUBLICACIÓN) | E49: 7410000 | F49: 1 | G49: 1 | H49: 1 | I49: 7410000 | J49: 0.45 | K49: 4075500
A50: TROPICANA | B50: DIGITAL | C50: DIGITAL | D50: PRODUCT PLACEMENT + INTERACCIÓN | E50: 5016000 | F50: 1 | G50: 1 | H50: 1 | I50: 5016000 | J50: 0.01 | K50: 4955690
A51: TROPICANA | B51: DIGITAL | C51: DIGITAL | D51: HISTORIAS INSTAGRAM | E51: 1110000 | F51: 1 | G51: 1 | H51: 1 | I51: 1110000 | J51: 0 | K51: 1110000
I52: 53867200 | K52: 23669625
A55: MICROPROGRAMA TROPICANA BOGOTÁ - CON VOCERO
A56: MARCA | B56: CIUDAD | C56: PRODUCTO | D56: VALORIZACION | E56: BRUTO | F56: VECES DIA | G56: No DIAS | H56: TOTAL | I56: VALOR BTO | J56: DTO | K56: VALOR NETO
A57: TROPICANA | B57: BOGOTA | C57: MICROPROGRAMA | D57: PRESENTACIÓN Y DESPEDIDA DEL MICROPROGRAMA | E57: 2070000 | F57: 1 | G57: 1 | H57: 1 | I57: 2070000 | J57: 0.75 | K57: 517500
A58: TROPICANA | B58: BOGOTA | C58: MICROPROGRAMA | D58: SECCIÓN ESPECIAL COMO AMANECIO | E58: 4140000 | F58: 2 | G58: 1 | H58: 2 | I58: 8280000 | J58: 0.75 | K58: 2070000
A59: TROPICANA | B59: BOGOTA | C59: MICROPROGRAMA | D59: CUÑAS HASTA DE 20" MORNING | E59: 864000 | F59: 4 | G59: 1 | H59: 4 | I59: 3456000 | J59: 0.75 | K59: 864000
A60: TROPICANA | B60: BOGOTA | C60: MICROPROGRAMA | D60: CUÑA HASTA DE 20" MUSICAL | E60: 734250 | F60: 6 | G60: 1 | H60: 6 | I60: 4405500 | J60: 0.75 | K60: 1101375
A61: TROPICANA | B61: BOGOTA | C61: MICROPROGRAMA | D61: PROMO 30'' PROGRAMACIÓN MUSICAL | E61: 489500 | F61: 10 | G61: 1 | H61: 10 | I61: 4895000 | J61: 0.75 | K61: 1223750
A62: TROPICANA | B62: BOGOTA | C62: MICROPROGRAMA | D62: INDIVIDUALES PROGRAMACIÓN MUSICAL | E62: 1241000 | F62: 4 | G62: 1 | H62: 4 | I62: 4964000 | J62: 0.75 | K62: 1241000
A63: TROPICANA | B63: BOGOTA | C63: COMO AMANECIO | D63: SECCION ESPECIAL(RADIO) | E63: 4140000 | F63: 1 | G63: 1 | H63: 1 | I63: 4140000 | J63: 0.7 | K63: 1242000
A64: DETALLE DIGITAL
A65: TROPICANA | B65: BOGOTA | C65: COMO AMANECIO | D65: SECCION ESPECIAL(RADIO) | E65: 5448300 | F65: 1 | G65: 1 | H65: 1 | I65: 5448300 | J65: 0.7 | K65: 1634490
A66: TROPICANA | B66: DIGITAL | C66: DIGITAL | D66: PRODUCCIÓN CAPSULA DE VIDEO | E66: 2280000 | F66: 1 | G66: 1 | H66: 1 | I66: 2280000 | J66: 0 | K66: 2280000
A67: TROPICANA | B67: DIGITAL | C67: DIGITAL | D67: REEL IG (PUBLICACIÓN) | E67: 2462400 | F67: 1 | G67: 1 | H67: 1 | I67: 2462400 | J67: 0.45 | K67: 1354320
A68: TROPICANA | B68: DIGITAL | C68: DIGITAL | D68: VIDEO TIK TOK (PUBLICACIÓN) | E68: 7410000 | F68: 1 | G68: 1 | H68: 1 | I68: 7410000 | J68: 0.45 | K68: 4075500
A69: TROPICANA | B69: DIGITAL | C69: DIGITAL | D69: PRODUCT PLACEMENT + INTERACCIÓN | E69: 5016000 | F69: 1 | G69: 1 | H69: 1 | I69: 5016000 | J69: 0.01 | K69: 4955690
A70: TROPICANA | B70: DIGITAL | C70: DIGITAL | D70: HISTORIAS INSTAGRAM | E70: 1110000 | F70: 1 | G70: 1 | H70: 1 | I70: 1110000 | J70: 0 | K70: 1110000
A71: SALIDA CON VOCERO DE MARCA DE 4 A 5 MIN
A72: TROPICANA | B72: BOGOTÁ | C72: COMO AMANECIO | D72: SALIDA CON VOCERO DE MARCA MORNING | E72: 10000000 | F72: 1 | G72: 1 | H72: 1 | I72: 10000000 | K72: 10000000
I73: 53867200 | K73: 33669625

Sheet Video Cubrimiento
B2: CARACOL - VIDEO CUBRIMIENTO BOGOTÁ
B3: MARCA | C3: CIUDAD | D3: PRODUCTO | E3: VALORIZACION | F3: VALOR VEZ | G3: VECES DIA | H3: No DIAS | I3: TOTAL | J3: VALOR BTO | K3: DTO | L3: VALOR NETO
B4: CARACOL | C4: DIGITAL | D4: DIGITAL | E4: PRODUCCIÓN CAPSULA DE VIDEO | F4: 12000000 | G4: 1 | H4: 1 | I4: =G4*H4 -> 1 | J4: =I4*F4 -> 12000000 | K4: 0.16558333 | L4: =J4-(J4*K4) -> 10013000
B5: CARACOL | C5: DIGITAL | D5: DIGITAL | E5: REEL IG (PUBLICACIÓN) | F5: 3990000 | G5: 1 | H5: 1 | I5: =G5*H5 -> 1 | J5: =I5*F5 -> 3990000 | K5: 0.35 | L5: =J5-(J5*K5) -> 2593500
B6: CARACOL | C6: DIGITAL | D6: DIGITAL | E6: REEL TIK TOK (PUBLICACIÓN) | F6: 3990000 | G6: 1 | H6: 1 | I6: =G6*H6 -> 1 | J6: =I6*F6 -> 3990000 | K6: 0.35 | L6: =J6-(J6*K6) -> 2593500
J7: =SUM(J4:J6) -> 19980000 | L7: =SUM(L4:L6) -> 15200000
B11: CARACOL - VIDEO CUBRIMIENTO LOCAL
B12: MARCA | C12: CIUDAD | D12: PRODUCTO | E12: VALORIZACION | F12: VALOR VEZ | G12: VECES DIA | H12: No DIAS | I12: TOTAL | J12: VALOR BTO | K12: DTO | L12: VALOR NETO
B13: CARACOL | C13: DIGITAL | D13: DIGITAL | E13: PRODUCCIÓN CAPSULA DE VIDEO | F13: 3000000 | G13: 1 | H13: 1 | I13: =G13*H13 -> 1 | J13: =I13*F13 -> 3000000 | K13: 0.25973333 | L13: =J13-(J13*K13) -> 2220800
B14: CARACOL | C14: DIGITAL | D14: DIGITAL | E14: REEL IG LOCAL | F14: 984000 | G14: 1 | H14: 1 | I14: =G14*H14 -> 1 | J14: =I14*F14 -> 984000 | K14: 0.35 | L14: =J14-(J14*K14) -> 639600
B15: CARACOL | C15: DIGITAL | D15: DIGITAL | E15: REEL TIKTOK LOCAL | F15: 984000 | G15: 1 | H15: 1 | I15: =G15*H15 -> 1 | J15: =I15*F15 -> 984000 | K15: 0.35 | L15: =J15-(J15*K15) -> 639600
J16: =SUM(J13:J15) -> 4968000 | L16: =SUM(L13:L15) -> 3500000
B20: TROPICANA - VIDEO CUBRIMIENTO LOCAL
B21: MARCA | C21: CIUDAD | D21: PRODUCTO | E21: VALORIZACION | F21: VALOR VEZ | G21: VECES DIA | H21: No DIAS | I21: TOTAL | J21: VALOR BTO | K21: DTO | L21: VALOR NETO
B22: TROPICANA | C22: DIGITAL | D22: DIGITAL | E22: PRODUCCIÓN CAPSULA DE VIDEO | F22: 2500000 | G22: 1 | H22: 1 | I22: =G22*H22 -> 1 | J22: =I22*F22 -> 2500000 | K22: 0.268 | L22: =J22-(J22*K22) -> 1830000
B23: TROPICANA | C23: DIGITAL | D23: DIGITAL | E23: REEL IG LOCAL | F23: 900000 | G23: 1 | H23: 1 | I23: =G23*H23 -> 1 | J23: =I23*F23 -> 900000 | K23: 0.35 | L23: =J23-(J23*K23) -> 585000
B24: TROPICANA | C24: DIGITAL | D24: DIGITAL | E24: REEL TIKTOK LOCAL | F24: 900000 | G24: 1 | H24: 1 | I24: =G24*H24 -> 1 | J24: =I24*F24 -> 900000 | K24: 0.35 | L24: =J24-(J24*K24) -> 585000
J25: =SUM(J22:J24) -> 4300000 | L25: =SUM(L22:L24) -> 3000000
B28: BÉSAME - VIDEO CUBRIMIENTO LOCAL
B29: MARCA | C29: CIUDAD | D29: PRODUCTO | E29: VALORIZACION | F29: VALOR VEZ | G29: VECES DIA | H29: No DIAS | I29: TOTAL | J29: VALOR BTO | K29: DTO | L29: VALOR NETO
B30: BÉSAME | C30: DIGITAL | D30: DIGITAL | E30: PRODUCCIÓN CAPSULA DE VIDEO | F30: 2500000 | G30: 1 | H30: 1 | I30: =G30*H30 -> 1 | J30: =I30*F30 -> 2500000 | K30: 0.268 | L30: =J30-(J30*K30) -> 1830000
B31: BÉSAME | C31: DIGITAL | D31: DIGITAL | E31: REEL IG LOCAL | F31: 900000 | G31: 1 | H31: 1 | I31: =G31*H31 -> 1 | J31: =I31*F31 -> 900000 | K31: 0.35 | L31: =J31-(J31*K31) -> 585000
B32: BÉSAME | C32: DIGITAL | D32: DIGITAL | E32: REEL TIKTOK LOCAL | F32: 900000 | G32: 1 | H32: 1 | I32: =G32*H32 -> 1 | J32: =I32*F32 -> 900000 | K32: 0.35 | L32: =J32-(J32*K32) -> 585000
J33: =SUM(J30:J32) -> 4300000 | L33: =SUM(L30:L32) -> 3000000

Sheet Registro Fotográfico
B2: CARACOL - REGISTRO FOTOGRÁFICO NACIONAL
B3: MARCA | C3: CIUDAD | D3: PRODUCTO | E3: VALORIZACION | F3: VALOR VEZ | G3: VECES DIA | H3: No DIAS | I3: TOTAL | J3: VALOR BTO | K3: DTO | L3: VALOR NETO
B4: CARACOL | C4: DIGITAL | D4: DIGITAL | E4: PRODUCCIÓN | F4: 4100000 | G4: 1 | H4: 1 | I4: =G4*H4 -> 1 | J4: =I4*F4 -> 4100000 | K4: 0.41463415 | L4: =J4-(J4*K4) -> 2400000
B5: CARACOL | C5: DIGITAL | D5: DIGITAL | E5: POST META | F5: 4000000 | G5: 1 | H5: 1 | I5: =G5*H5 -> 1 | J5: =I5*F5 -> 4000000 | K5: 0.4 | L5: =J5-(J5*K5) -> 2400000
B6: CARACOL | C6: DIGITAL | D6: DIGITAL | E6: POST IG | F6: 2000000 | G6: 1 | H6: 1 | I6: =G6*H6 -> 1 | J6: =I6*F6 -> 2000000 | K6: 0.4 | L6: =J6-(J6*K6) -> 1200000
J7: =SUM(J4:J6) -> 10100000 | L7: =SUM(L4:L6) -> 6000000
B11: CARACOL - REGISTRO FOTOGRÁFICO LOCAL
B12: MARCA | C12: CIUDAD | D12: PRODUCTO | E12: VALORIZACION | F12: VALOR VEZ | G12: VECES DIA | H12: No DIAS | I12: TOTAL | J12: VALOR BTO | K12: DTO | L12: VALOR NETO
B13: CARACOL | C13: DIGITAL | D13: DIGITAL | E13: PRODUCCIÓN | F13: 3100000 | G13: 1 | H13: 1 | I13: =G13*H13 -> 1 | J13: =I13*F13 -> 3100000 | K13: 0.17548387 | L13: =J13-(J13*K13) -> 2556000
B14: CARACOL | C14: DIGITAL | D14: DIGITAL | E14: POST META LOCAL | F14: 370000 | G14: 1 | H14: 1 | I14: =G14*H14 -> 1 | J14: =I14*F14 -> 370000 | K14: 0.4 | L14: =J14-(J14*K14) -> 222000
B15: CARACOL | C15: DIGITAL | D15: DIGITAL | E15: POST IG LOCAL | F15: 370000 | G15: 1 | H15: 1 | I15: =G15*H15 -> 1 | J15: =I15*F15 -> 370000 | K15: 0.4 | L15: =J15-(J15*K15) -> 222000
J16: =SUM(J13:J15) -> 3840000 | L16: =SUM(L13:L15) -> 3000000
B19: TROPICANA - REGISTRO FOTOGRÁFICO LOCAL
B20: MARCA | C20: CIUDAD | D20: PRODUCTO | E20: VALORIZACION | F20: VALOR VEZ | G20: VECES DIA | H20: No DIAS | I20: TOTAL | J20: VALOR BTO | K20: DTO | L20: VALOR NETO
B21: TROPICANA | C21: DIGITAL | D21: DIGITAL | E21: PRODUCCIÓN | F21: 2100000 | G21: 1 | H21: 1 | I21: =G21*H21 -> 1 | J21: =I21*F21 -> 2100000 | K21: 0.24190476 | L21: =J21-(J21*K21) -> 1592000
B22: TROPICANA | C22: DIGITAL | D22: DIGITAL | E22: POST META LOCAL | F22: 340000 | G22: 1 | H22: 1 | I22: =G22*H22 -> 1 | J22: =I22*F22 -> 340000 | K22: 0.4 | L22: =J22-(J22*K22) -> 204000
B23: TROPICANA | C23: DIGITAL | D23: DIGITAL | E23: POST IG LOCAL | F23: 340000 | G23: 1 | H23: 1 | I23: =G23*H23 -> 1 | J23: =I23*F23 -> 340000 | K23: 0.4 | L23: =J23-(J23*K23) -> 204000
J24: =SUM(J21:J23) -> 2780000 | L24: =SUM(L21:L23) -> 2000000
B27: BÉSAME - REGISTRO FOTOGRÁFICO LOCAL
B28: MARCA | C28: CIUDAD | D28: PRODUCTO | E28: VALORIZACION | F28: VALOR VEZ | G28: VECES DIA | H28: No DIAS | I28: TOTAL | J28: VALOR BTO | K28: DTO | L28: VALOR NETO
B29: BÉSAME | C29: DIGITAL | D29: DIGITAL | E29: PRODUCCIÓN | F29: 2100000 | G29: 1 | H29: 1 | I29: =G29*H29 -> 1 | J29: =I29*F29 -> 2100000 | K29: 0.24190476 | L29: =J29-(J29*K29) -> 1592000
B30: BÉSAME | C30: DIGITAL | D30: DIGITAL | E30: POST META LOCAL | F30: 340000 | G30: 1 | H30: 1 | I30: =G30*H30 -> 1 | J30: =I30*F30 -> 340000 | K30: 0.4 | L30: =J30-(J30*K30) -> 204000
B31: BÉSAME | C31: DIGITAL | D31: DIGITAL | E31: POST IG LOCAL | F31: 340000 | G31: 1 | H31: 1 | I31: =G31*H31 -> 1 | J31: =I31*F31 -> 340000 | K31: 0.4 | L31: =J31-(J31*K31) -> 204000
J32: =SUM(J29:J31) -> 2780000 | L32: =SUM(L29:L31) -> 2000000

Sheet Radio Caracol
B3: TARIFAS NACIONALES CARACOL RADIO - 2026 | H3: PROMOCIONES STANDARD TODOS MENOS PLAZA ALVIRA
B4: FRECUENCIA | C4: PROGRAMAS | D4: VR BRUTO CUÑA 30" | E4: VR BRUTO SECCION | H4: MARCA | I4: CIUDAD | J4: PROGRAMA | K4: PRODUCTO | L4: FORMATO | M4: VALOR VEZ | N4: VECES DIA | O4: TOTAL | P4: VALOR BTO | Q4: DTO | R4: VALOR NETO
B5: Lunes a Viernes | C5: 6AM - W | D5: 15000000 | E5: 20000000 | H5: CARACOL | I5: NACIONAL | J5: DOS PUNTOS | K5: RADIO | L5: PROMOCIÓN | M5: =D7 -> 6000000 | N5: 3 | O5: =N5 -> 3 | P5: =M5*N5 -> 18000000 | Q5: 0.9 | R5: =P5-P5*Q5 -> 1800000
C6: NOTICIERO 1/2 DIA | D6: 6000000 | E6: NA | H6: CARACOL | I6: DIGITAL | J6: LUCIÉRNAGA | K6: RADIO | L6: PROMOCIÓN | M6: =D12 -> 10300000 | N6: 3 | O6: =N6 -> 3 | P6: =M6*N6 -> 30900000 | Q6: 0.9 | R6: =P6-P6*Q6 -> 3090000
C7: EL PULSO DEL FUTBOL | D7: 6000000 | E7: 7800000 | H7: CARACOL | I7: DIGITAL | J7: A VIVIR FDS | K7: RADIO | L7: PROMOCIÓN | M7: =D13 -> 3280000 | N7: 3 | O7: =N7 -> 3 | P7: =M7*N7 -> 9840000 | Q7: 0.9 | R7: =P7-P7*Q7 -> 984000
C8: DOS PUNTOS | R8: =SUM(R5:R7) -> 5874000
C9: HORA 20
C10: LA POLEMICA
C11: AS MUNDIAL | H11: PROMOCIONES STANDARD PLAZA ALVIRA
C12: LUCIERNAGA | D12: 10300000 | E12: 13390000 | H12: MARCA | I12: CIUDAD | J12: PROGRAMA | K12: PRODUCTO | L12: FORMATO | M12: VALOR VEZ | N12: VECES DIA | O12: TOTAL | P12: VALOR BTO | Q12: DTO | R12: VALOR NETO
C13: REPETICION LUCIERNAGA | D13: 3280000 | E13: 4264000 | H13: CARACOL | I13: NACIONAL | J13: DOS PUNTOS | K13: RADIO | L13: PROMOCIÓN | M13: =D7 -> 6000000 | N13: 3 | O13: =N13 -> 3 | P13: =M13*N13 -> 18000000 | Q13: 0.9 | R13: =P13-P13*Q13 -> 1800000
C14: LO MAS CARACOL | H14: CARACOL | I14: DIGITAL | J14: LUCIÉRNAGA | K14: RADIO | L14: PROMOCIÓN | M14: =D12 -> 10300000 | N14: 3 | O14: =N14 -> 3 | P14: =M14*N14 -> 30900000 | Q14: 0.9 | R14: =P14-P14*Q14 -> 3090000
C15: NOTICIERO NACIONAL | H15: CARACOL | I15: DIGITAL | J15: A VIVIR FDS | K15: RADIO | L15: PROMOCIÓN | M15: =D13 -> 3280000 | N15: 3 | O15: =N15 -> 3 | P15: =M15*N15 -> 9840000 | Q15: 0.9 | R15: =P15-P15*Q15 -> 984000
B16: Domingo a Jueves | C16: UNICORNIO | H16: CARACOL | I16: DIGITAL | J16: NOTICIERO MEDIO DÍA | K16: RADIO | L16: PROMOCIÓN | M16: =D6 -> 6000000 | N16: 3 | O16: =N16 -> 3 | P16: =M16*N16 -> 18000000 | Q16: 0.9 | R16: =P16-P16*Q16 -> 1800000
B17: Viernes y Sabado | C17: LA NOCHE FANTASTICA | R17: =SUM(R13:R16) -> 7674000
B18: Sabado y Domingo | C18: PROGRAMACION FIN DE SEMANA
K21: =SUM(#REF!) -> #REF! | M21: =SUM(#REF!) -> #REF!

Sheet Tarifas Miranda
B4: PLATAFORMA | C4: FORMATO | D4: FRANQUICIA | E4: TARIFA
B5: Web Colombia.AS.com | C5: Tradicionales | D5: Home/Internas | E5: 31000
B6: Web Colombia.AS.com | C6: Video Pre Roll | D6: Home/Internas | E6: 54000
B7: Web Colombia.AS.com | C7: Audio Pre Roll | D7: Home/Internas | E7: 49000
B8: Web Colombia.AS.com | C8: Patrocinio Podcast (Spreaker) | D8: Home/Internas | E8: N/A
B9: Web Colombia.AS.com | C9: Brand Day (24 horas) | D9: Home/Internas | E9: 16000000
B10: Web Colombia.AS.com | C10: Brand Day Interactivo (24 horas) | D10: Home/Internas | E10: 18300000
B11: Web Colombia.AS.com | C11: Patrocinio Sección Interna (24 horas) | D11: Home/Internas | E11: 1700000
B12: Web Colombia.AS.com | C12: Botón Fijo (24 horas) | D12: Home/Internas | E12: 2300000
B13: Producción AS | C13: Video Corto 1 Talento | D13: Genérico | E13: 7000000
B14: Instagram AS | C14: Reel | D14: Genérico | E14: 4600000
B15: Tiktok AS | C15: Reel | D15: Genérico | E15: 7400000
B16: Producción AS | C16: Video Sección | D16: Genérico | E16: 2000000
B17: Producción AS | C17: Video Sección | D17: Morning Gol / Rock & Gol del AS / Banqueados / AS Noticias / Milonga / El VBar / Rock & Gol del AS Transmisión / La Jugada Bacana / Milonga / La Fuga / AS Noticias | E17: 4000000
B18: Producción AS | C18: Product Placement con Interacción | D18: Morning Gol / Rock & Gol del AS / Banqueados / AS Noticias / Milonga / El VBar / Rock & Gol del AS Transmisión / La Jugada Bacana / Milonga / La Fuga / AS Noticias | E18: 3000000
B19: Producción AS | C19: Video Remoto Bogotá | D19: Morning Gol / As Noticias / Milonga / El Vbar / AS Noticias FDS / Rock & Gol del AS / Banqueados / Rock & Gol del AS Transmisión FDS / La Jugada Bacana | E19: 8670000
B20: Youtube AS | C20: Branded Moments | D20: Rock & Gol del AS / Banqueados / Rock & Gol del AS Transmisión FDS / La Jugada Bacana | E20: 720000
... B46: Web El País.com | C46: Video Pre Roll | D46: Home/Internas | E46: 54000
B47: Web El País.com | C47: Audio Pre Roll | D47: Home/Internas | E47: N/A
B48: Web El País.com | C48: Patrocinio Podcast (Spreaker) | D48: Home/Internas | E48: N/A
B49: Web El País.com | C49: Brand Day (24 horas) | D49: Home/Internas | E49: 10300000
B50: Web El País.com | C50: Brand Day Interactivo (24 horas) | D50: Home/Internas | E50: 13700000
B51: Web El País.com | C51: Patrocinio Sección Interna (24 horas) | D51: Home/Internas | E51: 2900000
B52: Web El País.com | C52: Botón Fijo (24 horas) | D52: Home/Internas | E52: 1700000
B53: Producción El País | C53: Nota de Contenido | D53: Home/Internas | E53: 5700000
B54: Producción El País | C54: Agrupador de Contenidos | D54: Home/Internas | E54: 2280000
B55: Producción El País | C55: Formulario Básico (Quailifio) | D55: Home/Internas | E55: 1140000
B56: Producción El País | C56: Piezas a la Medida | D56: Home/Internas | E56: 1140000
B57: Web El País.com | C57: Branded Content | D57: Home/Internas | E57: 17100000
B58: Web El País.com | C58: Especial de Publicidad | D58: Home/Internas | E58: 57000000
B59: Tweet con URL, Foto y/o Video El País | C59: Post | D59: Genérico | E59: 1300000
B60: Instagram El País | C60: Post | D60: Genérico | E60: 2000000
... B196: Producción Tropicana | C196: Audiencias Extendidas Rich Media | D196: Genérico | E196: 31500
B197: Web Besame.fm | C197: Tradicionales | E197: 28500
B198: Web Besame.fm | C198: Video Pre roll | E198: 68500
B199: Web Besame.fm | C199: Audio Pre Roll (Max 30") | E199: 57000
B200: Web Besame.fm | C200: Patrocinio Podcast (Spreaker) - Se compra por CPM Colombia | E200: 20100
B201: Web Besame.fm | C201: Brand Day (24 horas) | E201: 5700000
B202: Web Besame.fm | C202: Brand Day Interactivo (24 horas) | E202: 8000000
B203: Web Besame.fm | C203: Patrocinio Sección Interna (24 horas) | E203: 2900000
B204: Web Besame.fm | C204: Botón Fijo (24 horas) | E204: 3400000
B205: Producción Bésame | C205: Video Corto | D205: Genérico | E205: 5700000
B206: Producción Bésame | C206: Video Corto 3 Talentos | D206: Inexpertas / Salsa a la Plancha | E206: 5700000
B207: Producción Bésame | C207: Video corto 2 Talentos | D207: Inexpertas / Salsa a la Plancha | E207: 5700000
B208: Producción Bésame | C208: Video Corto 1 Talento | D208: Inexpertas / Salsa a la Plancha | E208: 5700000
B209: Producción Bésame | C209: Video Corto Local | D209: Genérico | E209: 1500000
B210: Producción Bésame | C210: Video Corto Historias Local | D210: Genérico | E210: 1000000
B211: Producción Bésame | C211: Video Sección | D211: Inexpertas / Salsa a la Plancha | E211: 2280000
B212: Producción Bésame | C212: Product Placement | D212: Inexpertas / Salsa a la Plancha | E212: 2736000
B213: Producción Bésame | C213: Product Placement con Interacción | D213: Inexpertas / Salsa a la Plancha | E213: 5016000
B214: Producción Bésame | C214: Video Sección Local | D214: Genérico | E214: 1000000
B215: Producción Bésame | C215: Product Placement Local | D215: Genérico | E215: 1000000
B216: Producción Bésame | C216: Youtube Sección Prime | D216: Inexpertas / Salsa a la Plancha | E216: 366000
... B387: Producción Los 40 | C387: Audiencias Extendidas Rich Media | D387: Genérico | E387: 31500
